num__Age,num__Annual_Income,num__Spending_Score,num__Purchase_Frequency,num__Total_Spending,num__Family_Size,cat__Gender_Female,cat__Gender_Male,cat__Gender_Other,cat__Marital_Status_Divorced,cat__Marital_Status_Married,cat__Marital_Status_Single,cat__Marital_Status_Widowed
0.7815773689247226,-1.298432524761107,1.4638131512882264,-0.006990558353847416,0.9350499440414538,1.4374825429737332,0.0,0.0,1.0,0.0,0.0,0.0,1.0
-0.5210515792831484,1.646584761806531,0.8574561594534569,-0.48909803103298094,-0.5898223047610747,0.045921513957534445,0.0,0.0,1.0,0.0,0.0,0.0,1.0
-1.6282861852598387,-0.14734543475157105,-0.658436320133467,-1.0917323718818979,1.6616877432261896,-1.3456395150586642,1.0,0.0,0.0,0.0,0.0,0.0,1.0
-0.32565723705196775,0.17217685102098945,1.329067153102722,0.23406317798571935,-0.363637641991988,0.7417020284656338,0.0,1.0,0.0,1.0,0.0,0.0,0.0
1.302628948207871,-0.7750729916657381,0.04898017034043085,-0.3685711628631976,1.6309803274771908,-1.3456395150586642,0.0,0.0,1.0,0.0,0.0,0.0,1.0
0.6513144741039355,-1.6103053469405226,-1.433225809700117,0.7161706506648529,-1.508395848727617,0.7417020284656338,0.0,0.0,1.0,0.0,0.0,1.0,0.0
-0.8467088163351162,0.2255397186211129,-1.3658528106073649,1.3188049915137698,-0.9413595909621688,0.7417020284656338,0.0,1.0,0.0,0.0,1.0,0.0,0.0
-1.302628948207871,-0.44022558191376066,-1.3995393101537408,-0.006990558353847416,1.3782703887974006,0.7417020284656338,0.0,1.0,0.0,0.0,0.0,0.0,1.0
0.8467088163351162,0.631747192851606,-1.6016583074319974,-1.0917323718818979,0.13846027747538328,1.4374825429737332,0.0,1.0,0.0,1.0,0.0,0.0,0.0
-0.5861830266935419,0.18467272134266785,-0.18682532648420175,-1.5738398445610313,1.3287181501625882,0.7417020284656338,0.0,1.0,0.0,0.0,1.0,0.0,0.0
0.8467088163351162,0.6405755121354751,1.0258886571853374,-0.24804429469341419,0.11446516017597201,-0.6498590005505649,1.0,0.0,0.0,0.0,0.0,0.0,1.0
1.1723660533870839,1.0518651642326466,-0.692122819679843,-0.006990558353847416,-1.475917681859477,-1.3456395150586642,0.0,0.0,1.0,0.0,0.0,0.0,1.0
1.1072346059766904,-1.6416105147275366,1.2953806535563461,-0.48909803103298094,0.7013575844542222,0.045921513957534445,1.0,0.0,0.0,0.0,1.0,0.0,0.0
-1.4328918430286581,-1.6189240918793741,-0.28788482512333,1.5598587278533367,1.1755805701456918,0.7417020284656338,0.0,1.0,0.0,1.0,0.0,0.0,0.0
0.3907886844623613,0.622840283188355,-0.8942418169580996,1.077751255174203,0.7638053541050525,0.045921513957534445,1.0,0.0,0.0,0.0,0.0,1.0,0.0
-1.6934176326702324,0.8555463965373471,-0.0857658278450735,-0.1275174265236308,0.870410330017541,-0.6498590005505649,1.0,0.0,0.0,0.0,1.0,0.0,0.0
-0.8467088163351162,0.671225760094309,-0.7594958187725952,-0.7301517673725477,-0.26899603339662004,-0.6498590005505649,1.0,0.0,0.0,0.0,0.0,0.0,1.0
1.5631547378494453,1.280458381060667,1.5648726499273546,-0.9712055037121144,-0.6559915310322124,0.7417020284656338,0.0,0.0,1.0,0.0,0.0,0.0,1.0
0.6513144741039355,1.0614531905172049,-1.1637338133291082,-0.48909803103298094,-0.9485253744544634,0.045921513957534445,1.0,0.0,0.0,0.0,0.0,1.0,0.0
-0.32565723705196775,-1.1280485822617436,0.5542776635360721,-0.6096248992027643,-0.720004903806673,1.4374825429737332,0.0,0.0,1.0,1.0,0.0,0.0,0.0
0.06513144741039355,0.7832694442993792,-0.18682532648420175,0.5956437824950696,1.2892361587459775,-0.6498590005505649,1.0,0.0,0.0,0.0,0.0,1.0,0.0
0.06513144741039355,-1.1365101464418321,0.4195316653505678,-1.6943667127308149,-0.2704788575045182,0.7417020284656338,0.0,0.0,1.0,0.0,0.0,1.0,0.0
0.9118402637455096,-1.4640224541181912,0.6890236617215765,-0.8506786355423311,-0.07311928764843385,-1.3456395150586642,0.0,0.0,1.0,0.0,0.0,0.0,1.0
0.9769717111559032,1.6320455416209305,-0.8605553174117234,-0.006990558353847416,-0.6257411994135608,-1.3456395150586642,0.0,0.0,1.0,1.0,0.0,0.0,0.0
1.4328918430286581,-0.6812884722703321,0.08266666988680693,-0.3685711628631976,-0.03065725166546507,-1.3456395150586642,0.0,1.0,0.0,0.0,0.0,1.0,0.0
1.4328918430286581,1.5854152498544996,1.0595751567317133,1.4393318596835531,1.6083600616564617,0.7417020284656338,1.0,0.0,0.0,0.0,0.0,0.0,1.0
-0.2605257896415742,0.6477010398660759,1.5648726499273546,-1.6943667127308149,-1.2354014521058017,0.7417020284656338,0.0,0.0,1.0,0.0,0.0,1.0,0.0
0.32565723705196775,-1.0229994418216382,-0.5910633210407148,0.9572243870044197,-1.4543663450679858,0.045921513957534445,0.0,1.0,0.0,0.0,0.0,1.0,0.0
0.7164459215143291,0.06558209978637859,0.6553371621752004,0.5956437824950696,0.4353058278909886,0.045921513957534445,0.0,1.0,0.0,0.0,0.0,1.0,0.0
1.3677603956182645,-1.1183033752184222,1.5985591494737308,-0.7301517673725477,0.006784057058965229,1.4374825429737332,0.0,0.0,1.0,1.0,0.0,0.0,0.0
-0.4559201318727548,-1.6385716867247806,0.3184721667114395,-1.3327861082214647,0.020097082241284366,0.045921513957534445,0.0,0.0,1.0,1.0,0.0,0.0,0.0
1.6282861852598387,-1.4848227078611946,-0.5573768214943386,-0.8506786355423311,0.0394457773967719,-1.3456395150586642,0.0,1.0,0.0,0.0,0.0,0.0,1.0
0.06513144741039355,0.2173401223722967,1.329067153102722,0.3545900461555027,0.12046843836037559,-0.6498590005505649,0.0,1.0,0.0,0.0,0.0,1.0,0.0
-1.302628948207871,-0.4850744917475414,-1.130047313782732,1.3188049915137698,0.16749051838389548,0.7417020284656338,0.0,1.0,0.0,1.0,0.0,0.0,0.0
-1.6282861852598387,-0.8839730606955433,-0.05207932829869741,-0.3685711628631976,1.2870371161976137,-1.3456395150586642,0.0,0.0,1.0,0.0,1.0,0.0,0.0
0.5210515792831484,-0.5951272196749438,-0.05207932829869741,0.11353630981593597,1.197070722447294,-1.3456395150586642,0.0,1.0,0.0,0.0,0.0,0.0,1.0
1.4328918430286581,-0.8552875722212502,-0.4563173228552104,-1.0917323718818979,0.34264731658555253,0.045921513957534445,1.0,0.0,0.0,0.0,0.0,1.0,0.0
-0.1302628948207871,0.4363977065020131,-0.8268688178653474,1.68038559602312,-0.07043796735623932,0.045921513957534445,1.0,0.0,0.0,0.0,0.0,0.0,1.0
0.9118402637455096,0.7549769077219941,-0.5573768214943386,-1.3327861082214647,-0.042127543975833064,0.7417020284656338,0.0,1.0,0.0,0.0,1.0,0.0,0.0
-1.5631547378494453,0.5516112026754756,-0.5573768214943386,0.11353630981593597,-0.8965833416263392,1.4374825429737332,0.0,1.0,0.0,1.0,0.0,0.0,0.0
-1.2374975007974773,-1.1951385694605243,-0.7594958187725952,-1.5738398445610313,-0.012233522033593552,0.7417020284656338,0.0,0.0,1.0,0.0,1.0,0.0,0.0
0.3907886844623613,0.7675775652161814,0.3858451658041917,0.11353630981593597,0.22494275438967049,-1.3456395150586642,0.0,1.0,0.0,0.0,0.0,1.0,0.0
1.1072346059766904,1.5394136811231216,-0.658436320133467,1.68038559602312,1.3972267834000698,0.045921513957534445,0.0,1.0,0.0,0.0,0.0,0.0,1.0
0.6513144741039355,-1.2220426760021674,1.4638131512882264,0.23406317798571935,1.5743054944017698,0.045921513957534445,0.0,1.0,0.0,1.0,0.0,0.0,0.0
1.6282861852598387,0.009599552873534298,1.1943211549172177,0.9572243870044197,-0.6472169553646011,-0.6498590005505649,0.0,1.0,0.0,0.0,0.0,1.0,0.0
0.9769717111559032,1.4456029649345885,0.15003966897955912,1.3188049915137698,0.21829883860525273,-0.6498590005505649,0.0,1.0,0.0,0.0,0.0,0.0,1.0
-0.32565723705196775,-1.238834820396708,0.5542776635360721,1.4393318596835531,1.1708981571253625,-1.3456395150586642,0.0,1.0,0.0,0.0,0.0,0.0,1.0
1.3677603956182645,1.0518127706463922,1.4638131512882264,-0.6096248992027643,-0.2955285074826048,-0.6498590005505649,0.0,0.0,1.0,1.0,0.0,0.0,0.0
-0.19539434223118066,-1.4838796233086151,0.3521586662578156,1.3188049915137698,0.4160399117512334,0.7417020284656338,0.0,0.0,1.0,0.0,0.0,0.0,1.0
-1.2374975007974773,-1.5378712139437916,-1.130047313782732,-0.1275174265236308,-0.44664699933316426,-0.6498590005505649,1.0,0.0,0.0,1.0,0.0,0.0,0.0
-0.32565723705196775,1.4008588422733166,-0.8268688178653474,1.3188049915137698,1.6262295317916913,-0.6498590005505649,0.0,0.0,1.0,0.0,0.0,0.0,1.0
-0.32565723705196775,-0.8994815622268507,0.08266666988680693,-0.6096248992027643,-0.693911518412833,0.045921513957534445,0.0,1.0,0.0,0.0,0.0,0.0,1.0
0.3907886844623613,0.3870691450434797,0.11635316943318302,1.5598587278533367,0.3989298491081554,0.7417020284656338,0.0,1.0,0.0,0.0,0.0,1.0,0.0
1.1723660533870839,-0.1840209451296628,1.4974996508346026,-0.006990558353847416,0.44864044759915106,0.7417020284656338,0.0,1.0,0.0,0.0,0.0,0.0,1.0
1.4980232904390516,-1.266367649973404,-0.658436320133467,0.47511691432528613,-0.36719354058083137,0.045921513957534445,1.0,0.0,0.0,0.0,1.0,0.0,0.0
-0.06513144741039355,0.6678201769877719,1.3627536526490982,0.7161706506648529,1.1275111556187771,-1.3456395150586642,0.0,0.0,1.0,0.0,0.0,0.0,1.0
-1.6934176326702324,0.032940895549876954,-1.6353448069783734,-0.006990558353847416,-0.9109508994873337,-1.3456395150586642,0.0,1.0,0.0,0.0,0.0,0.0,1.0
-1.6934176326702324,-1.6246349927811057,0.3858451658041917,-0.9712055037121144,0.16459325283326903,1.4374825429737332,1.0,0.0,0.0,1.0,0.0,0.0,0.0
-1.5631547378494453,0.5162717287468714,-0.7931823183189713,0.11353630981593597,-1.681601941428107,0.7417020284656338,1.0,0.0,0.0,0.0,0.0,0.0,1.0
1.302628948207871,0.35293472359872724,1.4974996508346026,-0.1275174265236308,-1.6721399400211545,-0.6498590005505649,1.0,0.0,0.0,1.0,0.0,0.0,0.0
0.7815773689247226,0.6912663068366234,-0.5573768214943386,-1.2122592400516812,-1.566495920508687,1.4374825429737332,0.0,1.0,0.0,0.0,0.0,1.0,0.0
1.6282861852598387,-0.6602000538029293,-1.3321663110609887,1.3188049915137698,-0.01052755449198257,-1.3456395150586642,1.0,0.0,0.0,0.0,0.0,0.0,1.0
1.1723660533870839,-1.5914174590958055,-1.130047313782732,1.077751255174203,0.4657001230152615,-1.3456395150586642,0.0,0.0,1.0,0.0,0.0,0.0,1.0
-0.4559201318727548,-1.2388086236035807,-1.2647933119682364,0.3545900461555027,0.46867296940633907,-1.3456395150586642,0.0,1.0,0.0,0.0,1.0,0.0,0.0
1.5631547378494453,0.7400709324326126,-1.2647933119682364,-1.453312976391248,1.5556226304597802,-0.6498590005505649,0.0,0.0,1.0,1.0,0.0,0.0,0.0
1.1072346059766904,-1.1682606597120087,-1.2311068124218605,-0.3685711628631976,-0.44091725180944097,1.4374825429737332,0.0,0.0,1.0,0.0,0.0,0.0,1.0
1.4980232904390516,0.9175804026625765,1.26169415400997,0.23406317798571935,-0.6401951353779278,-0.6498590005505649,0.0,1.0,0.0,0.0,0.0,1.0,0.0
-0.06513144741039355,0.29962424958485817,-0.5236903219479626,0.47511691432528613,-0.03479620245207418,-0.6498590005505649,0.0,1.0,0.0,1.0,0.0,0.0,0.0
1.4980232904390516,-1.0286841459302423,0.8574561594534569,1.68038559602312,1.0163929238050644,-1.3456395150586642,0.0,0.0,1.0,1.0,0.0,0.0,0.0
0.6513144741039355,-1.2174058436186515,-0.8605553174117234,-1.453312976391248,0.7707839850400393,0.7417020284656338,0.0,0.0,1.0,0.0,0.0,0.0,1.0
1.4328918430286581,0.0039410455580572885,1.5648726499273546,1.077751255174203,1.451565808596787,1.4374825429737332,1.0,0.0,0.0,0.0,0.0,0.0,1.0
-0.9118402637455096,-0.5782564849010216,1.329067153102722,-1.453312976391248,-0.43931205872176476,-1.3456395150586642,0.0,1.0,0.0,0.0,0.0,1.0,0.0
-0.4559201318727548,-0.48203566374478524,1.329067153102722,0.8366975188346363,-1.3889529272013592,0.7417020284656338,1.0,0.0,0.0,0.0,0.0,0.0,1.0
0.9118402637455096,-1.0712801315550833,0.891142658999833,-0.7301517673725477,1.5175730759241008,0.7417020284656338,0.0,1.0,0.0,0.0,1.0,0.0,0.0
1.302628948207871,-1.4938606014900815,0.6553371621752004,-1.453312976391248,0.16236901667142192,1.4374825429737332,0.0,0.0,1.0,0.0,0.0,1.0,0.0
-0.2605257896415742,0.03519381975881688,0.2510991676186874,-0.9712055037121144,1.4521560589698337,-0.6498590005505649,0.0,0.0,1.0,0.0,0.0,1.0,0.0
-0.8467088163351162,1.593143303827026,-1.500598808792869,-1.453312976391248,0.13574296630678334,0.045921513957534445,0.0,1.0,0.0,0.0,0.0,0.0,1.0
1.302628948207871,0.18095277671860427,-1.3658528106073649,-0.6096248992027643,1.1360625878526758,1.4374825429737332,1.0,0.0,0.0,0.0,0.0,0.0,1.0
-1.1723660533870839,0.7268415519033723,-0.7594958187725952,1.3188049915137698,-1.4526747738769368,1.4374825429737332,1.0,0.0,0.0,0.0,0.0,0.0,1.0
-0.5210515792831484,-0.9709726106710023,0.5205911639896961,0.8366975188346363,1.5079527146609653,-1.3456395150586642,0.0,0.0,1.0,0.0,1.0,0.0,0.0
-1.4980232904390516,1.5547126083094114,0.6890236617215765,1.5598587278533367,0.9263545483019339,0.045921513957534445,1.0,0.0,0.0,0.0,0.0,0.0,1.0
-0.06513144741039355,0.7427953989178422,-0.35525782421608215,-1.453312976391248,-1.6919961065339566,0.7417020284656338,0.0,1.0,0.0,0.0,0.0,0.0,1.0
-0.4559201318727548,-0.2511895227078251,0.7563966608143287,1.68038559602312,0.8137426951174015,0.045921513957534445,0.0,1.0,0.0,1.0,0.0,0.0,0.0
0.06513144741039355,-0.09772870856863841,0.4532181648969439,1.5598587278533367,0.07575337351443516,1.4374825429737332,1.0,0.0,0.0,0.0,0.0,0.0,1.0
1.1072346059766904,1.2028634798178757,-0.5910633210407148,-0.24804429469341419,-0.6275083514450608,1.4374825429737332,0.0,0.0,1.0,0.0,0.0,0.0,1.0
0.6513144741039355,1.658661483438174,1.6659321485664829,0.47511691432528613,-1.4728944482414323,-1.3456395150586642,0.0,0.0,1.0,0.0,0.0,0.0,1.0
-0.8467088163351162,1.6446985927013722,-0.6247498205870908,-1.6943667127308149,0.26703408434566483,-1.3456395150586642,0.0,0.0,1.0,1.0,0.0,0.0,0.0
-0.9769717111559032,0.8984829404728416,1.5648726499273546,0.11353630981593597,-0.172864402518073,0.7417020284656338,1.0,0.0,0.0,0.0,1.0,0.0,0.0
-1.2374975007974773,-1.4676114147766186,1.4301266517418503,-1.3327861082214647,-0.4032743941771412,0.7417020284656338,1.0,0.0,0.0,0.0,1.0,0.0,0.0
0.06513144741039355,-0.9955975962105782,-0.28788482512333,-1.3327861082214647,-0.1811243086530885,-1.3456395150586642,0.0,1.0,0.0,0.0,0.0,0.0,1.0
0.3907886844623613,-0.26394736096077553,1.1606346553708418,-0.24804429469341419,-0.8043747162759693,1.4374825429737332,0.0,0.0,1.0,0.0,0.0,1.0,0.0
0.5210515792831484,1.3793250783227513,-1.466912309246493,0.3545900461555027,0.2562548168622785,-1.3456395150586642,0.0,1.0,0.0,0.0,0.0,0.0,1.0
-1.1072346059766904,0.5090414138437619,-0.658436320133467,0.3545900461555027,-1.5762062589628363,-1.3456395150586642,1.0,0.0,0.0,1.0,0.0,0.0,0.0
-1.6934176326702324,0.9204882466996966,1.5648726499273546,-0.006990558353847416,-0.4426952011038627,-0.6498590005505649,1.0,0.0,0.0,0.0,1.0,0.0,0.0
-0.1302628948207871,-1.1801802005848885,0.3184721667114395,1.4393318596835531,1.1355407201447993,-0.6498590005505649,0.0,0.0,1.0,0.0,1.0,0.0,0.0
0.5210515792831484,-1.484246378412396,-1.6353448069783734,0.7161706506648529,1.2257842436434399,-1.3456395150586642,0.0,0.0,1.0,0.0,1.0,0.0,0.0
0.2605257896415742,-1.4539104919710886,-1.5679718078856213,0.7161706506648529,0.8984544209125481,1.4374825429737332,0.0,1.0,0.0,0.0,0.0,1.0,0.0
-1.1072346059766904,-0.3151358947313407,-1.0963608142363561,0.7161706506648529,-1.0297387870630152,-1.3456395150586642,0.0,1.0,0.0,0.0,1.0,0.0,0.0
1.1723660533870839,-1.2642457097301,-1.5342853083392451,-1.6943667127308149,-1.570469313263832,-0.6498590005505649,0.0,0.0,1.0,0.0,0.0,0.0,1.0
0.4559201318727548,-0.09123190387309073,-1.5679718078856213,1.4393318596835531,1.182904713494169,0.7417020284656338,1.0,0.0,0.0,1.0,0.0,0.0,0.0
0.19539434223118066,-1.0760217511111079,0.2510991676186874,0.23406317798571935,-0.08947354188700081,1.4374825429737332,1.0,0.0,0.0,0.0,0.0,1.0,0.0
-0.8467088163351162,-0.7313767407295545,0.8574561594534569,0.47511691432528613,-1.2645432647311703,0.7417020284656338,0.0,0.0,1.0,0.0,1.0,0.0,0.0
0.7164459215143291,1.1124583467358795,1.632245649020107,0.3545900461555027,0.1661732523074617,0.045921513957534445,0.0,1.0,0.0,0.0,1.0,0.0,0.0
0.4559201318727548,0.468698352427861,-0.38894432376245824,-1.6943667127308149,-0.3749819662349377,-0.6498590005505649,1.0,0.0,0.0,0.0,0.0,1.0,0.0
-0.6513144741039355,1.349355946985225,-0.692122819679843,-1.3327861082214647,1.4373098224526488,-0.6498590005505649,1.0,0.0,0.0,0.0,0.0,0.0,1.0
-0.4559201318727548,1.5862535472345702,0.6553371621752004,-1.5738398445610313,-0.04648963819615497,1.4374825429737332,0.0,1.0,0.0,0.0,0.0,0.0,1.0
1.0421031585662968,1.6152533972263898,0.8574561594534569,0.47511691432528613,-1.2901579714688198,0.045921513957534445,0.0,0.0,1.0,0.0,0.0,1.0,0.0
-0.7164459215143291,-1.0816278648403306,-1.5342853083392451,-0.8506786355423311,-0.32329186954165073,0.045921513957534445,1.0,0.0,0.0,1.0,0.0,0.0,0.0
0.1302628948207871,1.3098249861562674,0.015293670794054763,1.68038559602312,-0.9654446854525932,1.4374825429737332,0.0,0.0,1.0,0.0,1.0,0.0,0.0
-0.5861830266935419,1.2007415395745717,-0.25419832557695393,1.68038559602312,-1.4275315476201964,-1.3456395150586642,1.0,0.0,0.0,0.0,0.0,1.0,0.0
0.9118402637455096,-1.2693016908036512,1.3627536526490982,-0.1275174265236308,-1.2906078574238862,-0.6498590005505649,0.0,0.0,1.0,0.0,1.0,0.0,0.0
0.0,-1.0933378313681925,-0.7931823183189713,1.1982781233439865,0.4160579071894361,0.045921513957534445,1.0,0.0,0.0,1.0,0.0,0.0,0.0
1.3677603956182645,-0.32912498226126996,1.0595751567317133,1.3188049915137698,1.025692966268193,-1.3456395150586642,1.0,0.0,0.0,0.0,1.0,0.0,0.0
1.6282861852598387,1.57931139705586,-0.0857658278450735,1.077751255174203,-0.9235009180898606,0.7417020284656338,0.0,1.0,0.0,0.0,0.0,1.0,0.0
-0.8467088163351162,-0.5530813667057743,-1.6016583074319974,-0.24804429469341419,-1.6053912606398912,0.045921513957534445,1.0,0.0,0.0,1.0,0.0,0.0,0.0
-1.5631547378494453,-1.2398826921217962,-0.8942418169580996,-0.1275174265236308,0.08855172916415845,1.4374825429737332,1.0,0.0,0.0,0.0,0.0,0.0,1.0
0.7164459215143291,1.0433250096731768,-1.1637338133291082,1.1982781233439865,-0.4408308737060684,-0.6498590005505649,0.0,1.0,0.0,1.0,0.0,0.0,0.0
-0.6513144741039355,0.7885873933042025,1.2280076544635938,1.3188049915137698,-1.321333268611088,-1.3456395150586642,1.0,0.0,0.0,0.0,1.0,0.0,0.0
-0.4559201318727548,-1.550629052196742,0.6216506626288243,-0.6096248992027643,0.487596972220244,-0.6498590005505649,0.0,1.0,0.0,0.0,0.0,0.0,1.0
0.5861830266935419,1.4024306498609491,1.2280076544635938,-1.5738398445610313,0.8179428303938997,-1.3456395150586642,1.0,0.0,0.0,0.0,1.0,0.0,0.0
0.9769717111559032,0.9277971519821878,-1.466912309246493,0.5956437824950696,0.3464947412732789,0.045921513957534445,1.0,0.0,0.0,0.0,0.0,1.0,0.0
1.1723660533870839,1.2370502948488826,-0.5573768214943386,0.7161706506648529,-0.960373570967087,0.7417020284656338,0.0,1.0,0.0,0.0,0.0,0.0,1.0
-1.0421031585662968,1.3843810593963024,0.4195316653505678,1.077751255174203,1.1491668659518441,0.045921513957534445,0.0,0.0,1.0,1.0,0.0,0.0,0.0
0.2605257896415742,1.320094129062133,-0.4563173228552104,1.077751255174203,1.334815004625645,0.7417020284656338,0.0,1.0,0.0,0.0,0.0,1.0,0.0
-1.4980232904390516,0.5901204885724718,-1.466912309246493,0.8366975188346363,-1.1465291809982028,0.045921513957534445,1.0,0.0,0.0,0.0,0.0,1.0,0.0
-1.6282861852598387,-1.690048385219745,0.8574561594534569,-0.8506786355423311,-0.7735305351966301,0.7417020284656338,1.0,0.0,0.0,0.0,1.0,0.0,0.0
-1.3677603956182645,-0.9235564151107551,0.6216506626288243,0.47511691432528613,0.004772167067909096,-1.3456395150586642,0.0,1.0,0.0,0.0,1.0,0.0,0.0
-1.6934176326702324,1.0263232909336184,-1.1974203128754843,-1.0917323718818979,-0.00037812734568899297,0.7417020284656338,1.0,0.0,0.0,0.0,0.0,0.0,1.0
1.0421031585662968,-0.47147835611452027,-0.5573768214943386,-1.0917323718818979,-0.17761159911593147,1.4374825429737332,0.0,1.0,0.0,0.0,0.0,1.0,0.0
-1.1072346059766904,-1.6540801882560878,-1.6016583074319974,-0.24804429469341419,1.0382537821336415,-1.3456395150586642,1.0,0.0,0.0,1.0,0.0,0.0,0.0
0.6513144741039355,1.1398863891400668,-1.0963608142363561,-0.7301517673725477,-0.32267642555512016,-1.3456395150586642,1.0,0.0,0.0,0.0,0.0,1.0,0.0
1.1072346059766904,-0.587608740047435,0.9585156580925852,0.7161706506648529,-1.029886349656277,0.045921513957534445,0.0,0.0,1.0,0.0,1.0,0.0,0.0
-1.6934176326702324,-1.57035523742153,0.48690466444332,0.8366975188346363,1.1475076865495604,0.045921513957534445,0.0,1.0,0.0,1.0,0.0,0.0,0.0
0.6513144741039355,1.4602469722926978,0.3521586662578156,-1.453312976391248,-1.0934714310015143,0.045921513957534445,1.0,0.0,0.0,0.0,1.0,0.0,0.0
-0.8467088163351162,1.0615317808965865,0.4195316653505678,-1.3327861082214647,1.2684514276219188,-1.3456395150586642,0.0,0.0,1.0,0.0,0.0,1.0,0.0
0.8467088163351162,-0.16117734152273708,-0.35525782421608215,-0.8506786355423311,1.3452667551337434,1.4374825429737332,0.0,0.0,1.0,0.0,0.0,1.0,0.0
0.3907886844623613,0.5685343310356521,0.4532181648969439,-0.006990558353847416,-0.515785472907739,-0.6498590005505649,0.0,0.0,1.0,0.0,0.0,0.0,1.0
0.8467088163351162,0.7047838520902628,0.04898017034043085,-0.9712055037121144,1.4825971422334336,0.045921513957534445,0.0,1.0,0.0,0.0,1.0,0.0,0.0
1.6282861852598387,0.40737165971706624,-0.692122819679843,-1.6943667127308149,0.2288621608302074,1.4374825429737332,0.0,0.0,1.0,1.0,0.0,0.0,0.0
0.3907886844623613,-0.558818464400633,-0.7594958187725952,0.9572243870044197,-1.6161633299479963,-0.6498590005505649,0.0,0.0,1.0,0.0,0.0,0.0,1.0
-1.4328918430286581,1.2283791563237767,0.8237696599070808,-1.6943667127308149,1.0771707167906892,0.7417020284656338,0.0,1.0,0.0,1.0,0.0,0.0,0.0
-0.19539434223118066,-0.024220507053691713,0.21741266807231127,-0.006990558353847416,0.11504101419845689,1.4374825429737332,0.0,0.0,1.0,0.0,0.0,1.0,0.0
-1.4980232904390516,0.9387736083024881,-0.15313882693782566,-1.5738398445610313,0.31534103865685403,0.7417020284656338,1.0,0.0,0.0,0.0,1.0,0.0,0.0
1.0421031585662968,0.9184710936289016,-0.9953013155972278,-0.48909803103298094,1.3752975424063232,-0.6498590005505649,1.0,0.0,0.0,0.0,0.0,1.0,0.0
1.0421031585662968,-1.6482121065955933,1.3627536526490982,-0.24804429469341419,-0.001115940311997639,-1.3456395150586642,0.0,0.0,1.0,0.0,0.0,1.0,0.0
1.302628948207871,0.6913710940091322,0.3521586662578156,-0.48909803103298094,1.4105146149689054,1.4374825429737332,0.0,0.0,1.0,0.0,0.0,1.0,0.0
-1.2374975007974773,-1.708910076271335,1.4301266517418503,1.3188049915137698,0.7871850274179332,-1.3456395150586642,0.0,1.0,0.0,0.0,0.0,1.0,0.0
-1.0421031585662968,-1.3528432640863188,-1.6353448069783734,-0.1275174265236308,1.6364869315672008,0.7417020284656338,0.0,1.0,0.0,0.0,0.0,1.0,0.0
-0.2605257896415742,-1.2077654237478388,-1.6353448069783734,0.8366975188346363,-0.9533193591916488,1.4374825429737332,1.0,0.0,0.0,0.0,0.0,1.0,0.0
-1.1723660533870839,0.25412041992289724,-1.3658528106073649,-0.6096248992027643,-1.714979880206379,-1.3456395150586642,0.0,0.0,1.0,0.0,1.0,0.0,0.0
1.6282861852598387,-0.4105446153006336,1.3627536526490982,-0.48909803103298094,-0.5466116585488756,-0.6498590005505649,0.0,1.0,0.0,0.0,0.0,0.0,1.0
0.4559201318727548,1.462264125363493,-1.0963608142363561,-0.48909803103298094,1.3899962163302464,-1.3456395150586642,1.0,0.0,0.0,0.0,1.0,0.0,0.0
1.6282861852598387,-0.513314634738672,1.2953806535563461,-1.6943667127308149,0.9378032460864589,0.045921513957534445,1.0,0.0,0.0,0.0,0.0,1.0,0.0
-0.06513144741039355,-1.4398952076480322,1.1943211549172177,0.23406317798571935,1.55521233446876,-1.3456395150586642,0.0,1.0,0.0,0.0,1.0,0.0,0.0
-0.32565723705196775,0.8218311237826299,0.4532181648969439,1.68038559602312,-0.013745138842615945,-1.3456395150586642,0.0,1.0,0.0,0.0,1.0,0.0,0.0
0.19539434223118066,0.707691696127383,0.04898017034043085,1.4393318596835531,-0.5362138943553855,1.4374825429737332,0.0,0.0,1.0,0.0,0.0,1.0,0.0
1.1723660533870839,-0.5998950360240957,-0.658436320133467,0.11353630981593597,-1.506150018039926,0.045921513957534445,1.0,0.0,0.0,0.0,1.0,0.0,0.0
1.4980232904390516,-0.9560404385884935,1.4301266517418503,0.23406317798571935,-0.031467046384584245,0.045921513957534445,1.0,0.0,0.0,0.0,1.0,0.0,0.0
-1.4980232904390516,-0.2669861889635317,-1.3995393101537408,1.68038559602312,1.5040800963597554,-0.6498590005505649,1.0,0.0,0.0,1.0,0.0,0.0,0.0
-0.5210515792831484,0.26902639521227883,-0.5236903219479626,1.5598587278533367,1.6162816535532676,-0.6498590005505649,0.0,1.0,0.0,0.0,0.0,0.0,1.0
0.1302628948207871,1.1583027347084942,0.5205911639896961,1.1982781233439865,-0.8627375214547983,0.045921513957534445,0.0,1.0,0.0,0.0,0.0,0.0,1.0
-1.2374975007974773,-0.23541905324524562,0.5879641630824483,0.47511691432528613,0.17269120002446078,-0.6498590005505649,0.0,1.0,0.0,1.0,0.0,0.0,0.0
0.32565723705196775,0.5702371225889207,0.9585156580925852,1.077751255174203,1.107816948049799,0.7417020284656338,0.0,0.0,1.0,0.0,1.0,0.0,0.0
-0.3907886844623613,0.5649453703772246,1.5311861503809787,0.9572243870044197,0.43431967787748355,-1.3456395150586642,0.0,1.0,0.0,1.0,0.0,0.0,0.0
-0.3907886844623613,-0.31345929997119937,-1.0289878151436038,-1.3327861082214647,-0.2899103316757381,-0.6498590005505649,0.0,0.0,1.0,0.0,1.0,0.0,0.0
1.302628948207871,-1.1035021871015496,-0.9953013155972278,-0.48909803103298094,1.0903361793797466,0.045921513957534445,0.0,1.0,0.0,0.0,1.0,0.0,0.0
-0.9769717111559032,1.3329829512807196,-1.500598808792869,-1.2122592400516812,0.1567076518128686,-0.6498590005505649,0.0,0.0,1.0,0.0,0.0,0.0,1.0
1.1072346059766904,1.44906094162738,1.2280076544635938,-0.3685711628631976,-1.3402212805485874,0.045921513957534445,0.0,1.0,0.0,0.0,1.0,0.0,0.0
-0.2605257896415742,0.5444594781517477,1.5648726499273546,0.23406317798571935,0.02134596565254825,-1.3456395150586642,0.0,1.0,0.0,0.0,1.0,0.0,0.0
1.1723660533870839,0.8971992976096084,0.7900831603607047,0.8366975188346363,1.1239228652411692,0.7417020284656338,0.0,0.0,1.0,1.0,0.0,0.0,0.0
0.1302628948207871,0.3025320936219783,1.632245649020107,0.9572243870044197,-1.6679362056570157,-0.6498590005505649,0.0,0.0,1.0,0.0,0.0,1.0,0.0
0.9769717111559032,-0.7103669126415334,-0.28788482512333,-1.0917323718818979,0.16399220519730057,-1.3456395150586642,0.0,1.0,0.0,1.0,0.0,0.0,0.0
-0.9769717111559032,-1.6697196737530313,1.2280076544635938,0.7161706506648529,1.3464688504056803,0.045921513957534445,0.0,1.0,0.0,0.0,1.0,0.0,0.0
-0.9769717111559032,-0.48546744364444955,0.11635316943318302,-0.9712055037121144,1.134784911740288,1.4374825429737332,1.0,0.0,0.0,0.0,0.0,1.0,0.0
1.2374975007974773,1.6560418041254534,-1.6016583074319974,1.5598587278533367,0.7926196497551328,0.045921513957534445,1.0,0.0,0.0,1.0,0.0,0.0,0.0
0.5861830266935419,0.5776508150439207,-0.7931823183189713,1.68038559602312,1.1312686031154904,0.045921513957534445,1.0,0.0,0.0,0.0,0.0,0.0,1.0
0.7815773689247226,0.8288518643407218,1.6659321485664829,0.8366975188346363,-0.3746184583832441,1.4374825429737332,1.0,0.0,0.0,1.0,0.0,0.0,0.0
0.5861830266935419,0.23887388632286197,-0.9953013155972278,0.47511691432528613,1.1464855456596499,-1.3456395150586642,1.0,0.0,0.0,1.0,0.0,0.0,0.0
1.1723660533870839,-0.6934175874882296,1.632245649020107,-0.7301517673725477,-0.10933690657508387,-1.3456395150586642,1.0,0.0,0.0,0.0,0.0,1.0,0.0
0.8467088163351162,-0.7192476255116571,-1.6353448069783734,1.1982781233439865,0.6229226675041593,-0.6498590005505649,0.0,0.0,1.0,0.0,1.0,0.0,0.0
0.7815773689247226,-1.0742141723853305,-1.5679718078856213,0.3545900461555027,-1.7228186930874523,0.045921513957534445,0.0,0.0,1.0,0.0,0.0,1.0,0.0
0.7164459215143291,0.6174437438041501,-1.2647933119682364,0.47511691432528613,-1.4176844438357075,0.045921513957534445,0.0,1.0,0.0,0.0,0.0,0.0,1.0
-0.6513144741039355,-0.4159673514779657,0.2510991676186874,0.9572243870044197,-1.4343590168742812,0.045921513957534445,1.0,0.0,0.0,0.0,0.0,0.0,1.0
-0.3907886844623613,-1.4150344509703114,1.26169415400997,-1.2122592400516812,1.621907027535415,-0.6498590005505649,0.0,1.0,0.0,0.0,1.0,0.0,0.0
-0.9769717111559032,0.3168355426694341,0.3184721667114395,1.3188049915137698,-1.5960120382486709,-0.6498590005505649,0.0,1.0,0.0,0.0,0.0,0.0,1.0
-0.6513144741039355,-1.3930815383297108,-0.7931823183189713,0.7161706506648529,1.399361042370904,1.4374825429737332,0.0,0.0,1.0,0.0,0.0,0.0,1.0
-1.1723660533870839,-1.4208501390445516,-0.05207932829869741,-0.8506786355423311,1.4977564993753447,-0.6498590005505649,0.0,0.0,1.0,1.0,0.0,0.0,0.0
0.19539434223118066,-0.3612160538421002,-0.35525782421608215,-1.453312976391248,-1.6042827416466081,0.045921513957534445,0.0,1.0,0.0,1.0,0.0,0.0,0.0
0.4559201318727548,0.4372360038820838,-0.42263082330883434,-0.48909803103298094,-0.3478268499871414,-1.3456395150586642,0.0,0.0,1.0,0.0,0.0,1.0,0.0
-0.32565723705196775,1.3163479876449424,-1.2311068124218605,0.3545900461555027,1.2984606203686555,-0.6498590005505649,0.0,1.0,0.0,1.0,0.0,0.0,0.0
-1.6282861852598387,0.2273472973468903,1.6659321485664829,-0.6096248992027643,-1.658092700960167,1.4374825429737332,0.0,1.0,0.0,0.0,0.0,1.0,0.0
-0.5861830266935419,-0.44053994343128716,1.5648726499273546,-1.453312976391248,-1.6983844870958966,1.4374825429737332,1.0,0.0,0.0,0.0,1.0,0.0,0.0
1.4328918430286581,-0.09021022894112961,0.4195316653505678,0.7161706506648529,0.4147082493242375,0.7417020284656338,0.0,1.0,0.0,0.0,0.0,0.0,1.0
-1.1072346059766904,1.0482238099879646,-0.8268688178653474,-0.9712055037121144,0.7910756411573455,-1.3456395150586642,1.0,0.0,0.0,0.0,0.0,0.0,1.0
1.1723660533870839,-0.8232750910198015,-0.658436320133467,0.3545900461555027,0.7157575341039815,1.4374825429737332,0.0,0.0,1.0,0.0,0.0,0.0,1.0
1.3677603956182645,0.6668770924351923,0.11635316943318302,-0.1275174265236308,-1.3565323457354679,-1.3456395150586642,0.0,1.0,0.0,1.0,0.0,0.0,0.0
0.6513144741039355,1.5620739071781569,-0.22051182603057784,1.5598587278533367,1.6279031075445374,0.045921513957534445,0.0,0.0,1.0,0.0,1.0,0.0,0.0
-0.9118402637455096,0.38607366690464584,-0.8268688178653474,-0.9712055037121144,-1.5086189921613298,0.7417020284656338,0.0,0.0,1.0,1.0,0.0,0.0,0.0
1.5631547378494453,0.9564040500770993,0.8237696599070808,-0.48909803103298094,-0.41755917302240364,-1.3456395150586642,0.0,1.0,0.0,0.0,0.0,1.0,0.0
-1.5631547378494453,-1.3402426065921316,-1.466912309246493,-1.2122592400516812,0.42247867954014107,-1.3456395150586642,0.0,0.0,1.0,0.0,1.0,0.0,0.0
0.5210515792831484,-0.07535664723800245,0.3858451658041917,1.4393318596835531,-0.05138439738727511,-1.3456395150586642,0.0,1.0,0.0,1.0,0.0,0.0,0.0
0.32565723705196775,-1.5050990257416539,-1.2311068124218605,1.077751255174203,0.29652500847216506,1.4374825429737332,0.0,0.0,1.0,1.0,0.0,0.0,0.0
-1.0421031585662968,0.4767931615041684,0.21741266807231127,-1.453312976391248,-1.2879877216215803,-1.3456395150586642,1.0,0.0,0.0,0.0,0.0,1.0,0.0
-0.1302628948207871,0.6140905542838675,0.891142658999833,-0.6096248992027643,-0.605744668482778,-1.3456395150586642,0.0,0.0,1.0,0.0,0.0,1.0,0.0
-1.0421031585662968,-0.3995943557734605,1.632245649020107,1.077751255174203,-0.4565444903446208,0.045921513957534445,1.0,0.0,0.0,1.0,0.0,0.0,0.0
1.3677603956182645,1.2275146621505788,-1.06267431468998,-1.0917323718818979,-0.9779803077045581,1.4374825429737332,0.0,0.0,1.0,0.0,1.0,0.0,0.0
-0.9118402637455096,-0.5163796595345554,-0.3215713246697061,-0.24804429469341419,0.03372682713597015,0.045921513957534445,1.0,0.0,0.0,1.0,0.0,0.0,0.0
-1.5631547378494453,-1.6705317743399748,-0.3215713246697061,-1.5738398445610313,0.2034957911397542,1.4374825429737332,1.0,0.0,0.0,0.0,0.0,0.0,1.0
-1.3677603956182645,0.5467647959469419,-1.0289878151436038,0.11353630981593597,-0.8921528647408472,0.045921513957534445,1.0,0.0,0.0,1.0,0.0,0.0,0.0
1.3677603956182645,0.47846975626430976,-1.2311068124218605,-0.48909803103298094,0.6539324066149628,-0.6498590005505649,0.0,0.0,1.0,0.0,0.0,0.0,1.0
0.0,-1.6475309899742858,0.3521586662578156,-0.9712055037121144,1.2809978471368053,-0.6498590005505649,0.0,1.0,0.0,0.0,1.0,0.0,0.0
1.5631547378494453,-0.2896726118116942,-0.8942418169580996,-0.6096248992027643,-0.5849995273227648,-0.6498590005505649,1.0,0.0,0.0,1.0,0.0,0.0,0.0
-0.8467088163351162,-0.19457825275992777,1.4638131512882264,-0.3685711628631976,-1.0704696618908893,1.4374825429737332,0.0,0.0,1.0,0.0,0.0,0.0,1.0
0.0,0.034381719171873416,-1.0963608142363561,-0.8506786355423311,-0.44284276369712433,1.4374825429737332,0.0,1.0,0.0,0.0,1.0,0.0,0.0
1.3677603956182645,0.1472637007570143,1.1269481558244656,-0.9712055037121144,-0.25292610708165525,-0.6498590005505649,0.0,0.0,1.0,0.0,0.0,1.0,0.0
0.06513144741039355,0.8779970482473647,0.9922021576389612,-1.2122592400516812,1.4736929994107633,0.7417020284656338,1.0,0.0,0.0,1.0,0.0,0.0,0.0
-1.4980232904390516,1.6332767908979093,0.48690466444332,0.23406317798571935,-1.5005354413207002,-0.6498590005505649,0.0,0.0,1.0,0.0,1.0,0.0,0.0
-1.6934176326702324,1.507401199921673,1.3627536526490982,1.077751255174203,1.2490847370282288,1.4374825429737332,0.0,1.0,0.0,1.0,0.0,0.0,0.0
0.5210515792831484,-1.1508921858686694,0.891142658999833,-0.9712055037121144,-1.6551738408836976,0.045921513957534445,0.0,1.0,0.0,0.0,0.0,0.0,1.0
-0.2605257896415742,-0.5446459993188133,1.632245649020107,-0.1275174265236308,1.6784846852445416,-1.3456395150586642,1.0,0.0,0.0,1.0,0.0,0.0,0.0
-0.9118402637455096,0.848997198255545,-0.35525782421608215,-0.006990558353847416,0.640975691109056,0.7417020284656338,0.0,1.0,0.0,0.0,0.0,1.0,0.0
1.302628948207871,0.35201783583927493,1.1606346553708418,0.8366975188346363,1.2371789551133567,0.7417020284656338,0.0,1.0,0.0,1.0,0.0,0.0,0.0
-0.3907886844623613,-0.6849298265150141,1.0258886571853374,-1.2122592400516812,-0.37138647768204863,-1.3456395150586642,0.0,0.0,1.0,0.0,1.0,0.0,0.0
-1.5631547378494453,-1.5648277140716889,-1.6353448069783734,1.3188049915137698,0.8192996864343792,0.045921513957534445,1.0,0.0,0.0,0.0,0.0,1.0,0.0
-0.1302628948207871,0.45455208413916853,-1.2647933119682364,0.3545900461555027,-0.11858296272360443,0.045921513957534445,1.0,0.0,0.0,0.0,1.0,0.0,0.0
-0.1302628948207871,-1.5608981951026077,1.4638131512882264,0.7161706506648529,0.9050695439958417,-0.6498590005505649,1.0,0.0,0.0,0.0,0.0,0.0,1.0
-1.5631547378494453,-0.09356341846141228,0.48690466444332,-0.3685711628631976,1.3868722082582665,-0.6498590005505649,0.0,0.0,1.0,0.0,0.0,0.0,1.0
-0.4559201318727548,1.4946171648755953,-1.1637338133291082,1.1982781233439865,-1.3297227419011624,-1.3456395150586642,1.0,0.0,0.0,0.0,0.0,0.0,1.0
1.1072346059766904,-0.37546710930330157,1.699618648112859,-0.7301517673725477,-0.9596645507019026,0.7417020284656338,1.0,0.0,0.0,0.0,1.0,0.0,0.0
-0.32565723705196775,-1.5783714561184556,-1.6016583074319974,1.077751255174203,-0.669646469540382,1.4374825429737332,0.0,1.0,0.0,1.0,0.0,0.0,0.0
-1.2374975007974773,1.607970688737026,-1.06267431468998,0.3545900461555027,0.7374132444370485,0.045921513957534445,1.0,0.0,0.0,1.0,0.0,0.0,0.0
-0.1302628948207871,-0.028071435643391342,-0.28788482512333,-0.8506786355423311,-0.08789714150044879,-1.3456395150586642,1.0,0.0,0.0,0.0,0.0,1.0,0.0
-0.9769717111559032,1.5837648518874854,-0.11945232739144958,-0.006990558353847416,-0.08157354451603795,0.7417020284656338,1.0,0.0,0.0,0.0,0.0,1.0,0.0
-1.1072346059766904,0.24372029305139553,-0.5910633210407148,0.3545900461555027,0.03930901206643173,-1.3456395150586642,1.0,0.0,0.0,1.0,0.0,0.0,0.0
-0.9118402637455096,0.48488797058047584,-0.5573768214943386,-0.24804429469341419,-0.5074463868446317,-0.6498590005505649,0.0,0.0,1.0,0.0,0.0,0.0,1.0
0.7815773689247226,0.8653701939600502,-0.11945232739144958,1.3188049915137698,-1.046474544591478,0.7417020284656338,0.0,0.0,1.0,0.0,0.0,0.0,1.0
0.8467088163351162,0.1641606323240637,0.3858451658041917,-1.453312976391248,-1.622818042995336,-1.3456395150586642,0.0,0.0,1.0,0.0,1.0,0.0,0.0
0.2605257896415742,-1.0307012990010374,-0.28788482512333,0.3545900461555027,1.247144828789983,-0.6498590005505649,0.0,1.0,0.0,1.0,0.0,0.0,0.0
-0.4559201318727548,-1.3551747786746402,-1.433225809700117,-0.48909803103298094,0.15996842521518861,-0.6498590005505649,0.0,0.0,1.0,1.0,0.0,0.0,0.0
-0.06513144741039355,-0.830374421957275,-1.5679718078856213,-0.7301517673725477,0.7705860352198104,0.045921513957534445,0.0,1.0,0.0,0.0,0.0,0.0,1.0
-0.9769717111559032,-1.4417027863738097,-1.2647933119682364,-0.24804429469341419,1.2499269235361128,-0.6498590005505649,0.0,0.0,1.0,0.0,0.0,1.0,0.0
1.2374975007974773,-0.3348096863698742,-0.15313882693782566,-0.8506786355423311,0.9692700693276098,0.045921513957534445,1.0,0.0,0.0,0.0,1.0,0.0,0.0
-1.3677603956182645,1.047909448470438,1.1269481558244656,0.8366975188346363,1.6757817704265037,-1.3456395150586642,0.0,1.0,0.0,0.0,1.0,0.0,0.0
-1.5631547378494453,-0.13215129473779022,0.8237696599070808,0.47511691432528613,-0.976688235241608,-1.3456395150586642,1.0,0.0,0.0,1.0,0.0,0.0,0.0
-0.9769717111559032,1.6087041989445878,1.4974996508346026,0.7161706506648529,-0.308773149999754,0.7417020284656338,0.0,1.0,0.0,1.0,0.0,0.0,0.0
-1.4980232904390516,1.5796519553665138,-0.9953013155972278,1.5598587278533367,0.1267992335200673,0.045921513957534445,0.0,0.0,1.0,0.0,1.0,0.0,0.0
0.5861830266935419,-1.035049966660154,1.632245649020107,-1.3327861082214647,0.3128792627107317,0.7417020284656338,0.0,1.0,0.0,0.0,0.0,1.0,0.0
0.7815773689247226,-1.3925837992602939,0.2847856671650634,0.8366975188346363,-1.0105340554131488,1.4374825429737332,1.0,0.0,0.0,0.0,1.0,0.0,0.0
0.8467088163351162,1.668328100102114,-1.1637338133291082,-1.6943667127308149,0.9224315427737567,0.7417020284656338,1.0,0.0,0.0,0.0,0.0,0.0,1.0
-0.2605257896415742,-1.4093497468617073,-0.18682532648420175,-0.1275174265236308,0.02188222971098709,1.4374825429737332,0.0,0.0,1.0,0.0,0.0,0.0,1.0
0.7164459215143291,1.5868036798902416,-0.28788482512333,0.8366975188346363,-0.3459949143781118,-1.3456395150586642,0.0,0.0,1.0,1.0,0.0,0.0,0.0
0.7815773689247226,-0.5099614452183894,-1.0963608142363561,1.4393318596835531,1.5837351040199577,-0.6498590005505649,0.0,0.0,1.0,0.0,1.0,0.0,0.0
0.6513144741039355,1.4063601688300302,0.5205911639896961,-0.8506786355423311,1.585131550024483,0.045921513957534445,1.0,0.0,0.0,0.0,0.0,0.0,1.0
-1.5631547378494453,-0.8373165721359852,-1.1974203128754843,0.11353630981593597,-0.5785571604462167,-1.3456395150586642,0.0,1.0,0.0,0.0,0.0,0.0,1.0
-1.4328918430286581,1.2726255399156317,-1.3995393101537408,-0.48909803103298094,-0.8673911417740031,0.7417020284656338,0.0,0.0,1.0,1.0,0.0,0.0,0.0
1.0421031585662968,-0.2660431044109522,-0.0857658278450735,-1.2122592400516812,-0.10799084779752585,-1.3456395150586642,0.0,1.0,0.0,0.0,1.0,0.0,0.0
-0.7815773689247226,-1.2325737868393052,0.3858451658041917,0.5956437824950696,-1.5356265458158642,1.4374825429737332,0.0,0.0,1.0,0.0,1.0,0.0,0.0
0.1302628948207871,0.4070049046132853,-0.4900038224015865,-1.0917323718818979,-1.4280318208022302,-1.3456395150586642,1.0,0.0,0.0,1.0,0.0,0.0,0.0
1.5631547378494453,-0.8215984962596602,-1.2647933119682364,-0.6096248992027643,1.6426053805561012,0.045921513957534445,0.0,1.0,0.0,0.0,1.0,0.0,0.0
0.4559201318727548,-0.5262296537503858,0.015293670794054763,1.68038559602312,0.25266652648467036,0.045921513957534445,1.0,0.0,0.0,0.0,0.0,1.0,0.0
-0.2605257896415742,1.0620033231728763,-0.38894432376245824,0.5956437824950696,-1.6283318452606272,1.4374825429737332,1.0,0.0,0.0,0.0,0.0,0.0,1.0
0.9769717111559032,0.45717176345188937,-1.3995393101537408,0.3545900461555027,-1.4097556537636204,1.4374825429737332,0.0,0.0,1.0,0.0,1.0,0.0,0.0
-1.4328918430286581,1.546617799233104,1.2280076544635938,-0.006990558353847416,0.5313942697178496,-0.6498590005505649,0.0,1.0,0.0,0.0,0.0,1.0,0.0
-1.1072346059766904,1.5981468913143229,1.0932616562780895,0.23406317798571935,1.2400870179269048,-1.3456395150586642,1.0,0.0,0.0,1.0,0.0,0.0,0.0
-1.2374975007974773,-0.7374805935281941,-0.11945232739144958,-1.3327861082214647,0.322747961021064,1.4374825429737332,0.0,0.0,1.0,0.0,1.0,0.0,0.0
0.9118402637455096,1.173863629826056,0.4195316653505678,1.5598587278533367,-1.5659740528008104,-1.3456395150586642,0.0,0.0,1.0,0.0,0.0,0.0,1.0
0.9118402637455096,0.5702633193820479,-0.05207932829869741,-0.24804429469341419,-1.4214454904200609,-1.3456395150586642,0.0,0.0,1.0,0.0,1.0,0.0,0.0
-1.4980232904390516,1.6032814627672556,-1.5342853083392451,-1.0917323718818979,1.031318340250341,-0.6498590005505649,0.0,1.0,0.0,0.0,1.0,0.0,0.0
0.9118402637455096,1.2727041302950133,1.1269481558244656,-0.24804429469341419,-0.44634107688371927,-1.3456395150586642,0.0,1.0,0.0,1.0,0.0,0.0,0.0
-0.7815773689247226,0.6232856286715176,0.891142658999833,1.3188049915137698,0.1956569782586807,0.045921513957534445,1.0,0.0,0.0,0.0,1.0,0.0,0.0
-0.1302628948207871,0.4715538028787267,-0.018392828752321323,0.23406317798571935,-0.9537512497085124,-0.6498590005505649,0.0,1.0,0.0,0.0,0.0,1.0,0.0
0.5210515792831484,0.29820962275598895,0.9585156580925852,-0.6096248992027643,-0.4322794414721698,-0.6498590005505649,0.0,1.0,0.0,0.0,0.0,0.0,1.0
-1.3677603956182645,0.6994397062923123,1.4638131512882264,1.3188049915137698,-0.43087579729236336,-0.6498590005505649,0.0,1.0,0.0,1.0,0.0,0.0,0.0
-0.7815773689247226,-1.409297353275453,1.699618648112859,-0.006990558353847416,0.8844215782021231,-0.6498590005505649,1.0,0.0,0.0,1.0,0.0,0.0,0.0
1.0421031585662968,-0.18368038681900908,-0.9616148160508518,0.9572243870044197,-1.7049564211275037,1.4374825429737332,1.0,0.0,0.0,0.0,0.0,1.0,0.0
-0.1302628948207871,1.6620146729584568,0.8574561594534569,0.47511691432528613,-1.056721147104066,1.4374825429737332,0.0,1.0,0.0,0.0,0.0,1.0,0.0
-0.5210515792831484,-0.4840790136087075,0.9585156580925852,1.68038559602312,0.560330934347708,1.4374825429737332,0.0,0.0,1.0,0.0,0.0,0.0,1.0
0.06513144741039355,-0.8998483173306315,-1.3995393101537408,0.11353630981593597,0.3559963326442771,-0.6498590005505649,0.0,1.0,0.0,1.0,0.0,0.0,0.0
1.4328918430286581,-0.570135479031587,-1.5342853083392451,1.3188049915137698,0.055616478165671446,0.7417020284656338,0.0,1.0,0.0,0.0,1.0,0.0,0.0
0.7815773689247226,0.18936194731243816,-0.6247498205870908,-0.9712055037121144,0.9819496550851956,1.4374825429737332,1.0,0.0,0.0,0.0,1.0,0.0,0.0
0.5861830266935419,1.4285488526087757,0.6216506626288243,0.8366975188346363,1.0583366911677974,0.7417020284656338,1.0,0.0,0.0,0.0,0.0,0.0,1.0
0.9769717111559032,1.6824219748045521,-1.2311068124218605,0.9572243870044197,0.030635210852755123,0.7417020284656338,1.0,0.0,0.0,0.0,0.0,0.0,1.0
-0.06513144741039355,-0.7328699579378054,-1.1637338133291082,-0.6096248992027643,1.1407809917494103,-1.3456395150586642,1.0,0.0,0.0,0.0,1.0,0.0,0.0
0.0,-0.819319375257593,0.6216506626288243,0.3545900461555027,1.0818135398469721,0.7417020284656338,0.0,0.0,1.0,0.0,0.0,1.0,0.0
-1.1072346059766904,0.6172079726660054,-1.06267431468998,0.47511691432528613,-1.2189572206762216,-0.6498590005505649,0.0,1.0,0.0,1.0,0.0,0.0,0.0
1.302628948207871,-1.0269027639975923,1.6659321485664829,-0.3685711628631976,-0.11393654057968068,1.4374825429737332,0.0,0.0,1.0,0.0,0.0,0.0,1.0
-0.32565723705196775,0.3109936578020666,-0.42263082330883434,-0.006990558353847416,0.45045798685761856,-1.3456395150586642,1.0,0.0,0.0,1.0,0.0,0.0,0.0
-0.9118402637455096,1.0372997472539187,0.2510991676186874,1.1982781233439865,-0.7921270210352469,1.4374825429737332,0.0,1.0,0.0,1.0,0.0,0.0,0.0
-1.5631547378494453,1.5481634100276092,-0.35525782421608215,-0.7301517673725477,-1.6767215785875484,0.7417020284656338,0.0,0.0,1.0,1.0,0.0,0.0,0.0
-0.5210515792831484,-0.7044988309810387,1.3627536526490982,-1.0917323718818979,1.3652956778532908,1.4374825429737332,0.0,1.0,0.0,0.0,1.0,0.0,0.0
0.5861830266935419,1.204409090612381,1.5985591494737308,-1.3327861082214647,-0.6251653453910758,0.045921513957534445,0.0,1.0,0.0,0.0,0.0,1.0,0.0
0.9118402637455096,1.5866464991314784,0.6216506626288243,-0.24804429469341419,1.113435123856666,0.7417020284656338,0.0,0.0,1.0,0.0,0.0,0.0,1.0
1.1072346059766904,-0.759223931823777,-0.5910633210407148,0.7161706506648529,1.278291333231127,-0.6498590005505649,0.0,1.0,0.0,0.0,0.0,1.0,0.0
1.1072346059766904,0.9266444930845906,0.2847856671650634,-1.453312976391248,0.558250661691482,0.7417020284656338,0.0,1.0,0.0,0.0,0.0,0.0,1.0
0.7164459215143291,-0.17770751798600556,-0.4900038224015865,-1.5738398445610313,-0.5902973843296246,0.7417020284656338,1.0,0.0,0.0,0.0,1.0,0.0,0.0
0.5861830266935419,1.2504368561368862,0.9248291585462091,1.68038559602312,0.8500754848485484,-0.6498590005505649,0.0,1.0,0.0,0.0,0.0,0.0,1.0
0.19539434223118066,0.8795950526281243,0.18372616852593518,0.11353630981593597,-0.542422320535299,0.7417020284656338,1.0,0.0,0.0,0.0,0.0,1.0,0.0
-0.7164459215143291,0.42117736969510505,-0.8942418169580996,1.5598587278533367,-1.2096859709142171,1.4374825429737332,0.0,0.0,1.0,0.0,0.0,1.0,0.0
0.19539434223118066,0.8669158047545555,1.1606346553708418,-1.0917323718818979,1.2256618746636618,1.4374825429737332,0.0,0.0,1.0,0.0,0.0,1.0,0.0
1.6282861852598387,-1.210044544749906,-1.1974203128754843,-1.3327861082214647,-0.8311987164608369,-0.6498590005505649,1.0,0.0,0.0,0.0,0.0,1.0,0.0
-0.3907886844623613,-0.7799979887736532,1.3964401521954743,1.1982781233439865,1.0909480242786362,-0.6498590005505649,0.0,0.0,1.0,1.0,0.0,0.0,0.0
-1.3677603956182645,0.47160619646498114,-0.9279283165044756,-0.48909803103298094,1.6615041897565226,1.4374825429737332,1.0,0.0,0.0,0.0,0.0,0.0,1.0
-0.9769717111559032,0.8424479999737429,-0.018392828752321323,-0.6096248992027643,1.0641528167948933,0.045921513957534445,0.0,1.0,0.0,1.0,0.0,0.0,0.0
-0.19539434223118066,-0.5324906873077886,-0.658436320133467,-0.1275174265236308,-1.2477679172386613,0.7417020284656338,0.0,1.0,0.0,0.0,1.0,0.0,0.0
-1.1723660533870839,0.33695467979113014,-0.9616148160508518,-1.453312976391248,-1.204981963368045,0.045921513957534445,1.0,0.0,0.0,1.0,0.0,0.0,0.0
-0.8467088163351162,1.0177831363741485,1.0932616562780895,-0.6096248992027643,0.2357436163989001,1.4374825429737332,0.0,0.0,1.0,0.0,1.0,0.0,0.0
0.3907886844623613,1.4038190798966912,1.5311861503809787,-0.1275174265236308,0.3420426698619434,1.4374825429737332,0.0,0.0,1.0,1.0,0.0,0.0,0.0
0.5210515792831484,-0.37324038188748887,-1.466912309246493,1.1982781233439865,-0.47416562343265406,1.4374825429737332,0.0,0.0,1.0,1.0,0.0,0.0,0.0
-1.4980232904390516,-1.2689611324929975,0.9922021576389612,-1.3327861082214647,0.14809863417672162,0.7417020284656338,0.0,1.0,0.0,1.0,0.0,0.0,0.0
0.2605257896415742,-0.8316580648205082,-0.9953013155972278,0.3545900461555027,1.1803997484963606,1.4374825429737332,1.0,0.0,0.0,0.0,0.0,0.0,1.0
-1.6282861852598387,0.9987118709775409,-0.8942418169580996,0.47511691432528613,-1.5210538399593598,0.045921513957534445,0.0,0.0,1.0,0.0,0.0,0.0,1.0
-1.1072346059766904,1.0330034731810567,-1.6016583074319974,-0.48909803103298094,-1.5332547470607552,-1.3456395150586642,1.0,0.0,0.0,0.0,1.0,0.0,0.0
-0.5210515792831484,-0.5350317762411277,1.6659321485664829,0.7161706506648529,0.9453253392551657,0.045921513957534445,0.0,1.0,0.0,1.0,0.0,0.0,0.0
-0.7164459215143291,1.5173035877237577,1.5985591494737308,-1.3327861082214647,1.6770234556624868,-1.3456395150586642,0.0,1.0,0.0,0.0,1.0,0.0,0.0
0.7815773689247226,-0.817040254255526,0.08266666988680693,1.68038559602312,0.511188991703916,-0.6498590005505649,0.0,1.0,0.0,1.0,0.0,0.0,0.0
0.6513144741039355,-0.864194481884501,0.4532181648969439,1.68038559602312,0.06595305786927272,1.4374825429737332,0.0,0.0,1.0,0.0,0.0,1.0,0.0
-0.32565723705196775,0.10196944544007103,0.18372616852593518,-1.5738398445610313,-0.08503586682622745,1.4374825429737332,1.0,0.0,0.0,0.0,0.0,0.0,1.0
-0.2605257896415742,1.0724296468375052,-0.35525782421608215,-1.2122592400516812,-0.6247262566989313,-0.6498590005505649,0.0,1.0,0.0,1.0,0.0,0.0,0.0
1.1723660533870839,-0.23125376313801949,0.11635316943318302,0.3545900461555027,-1.5850456182079773,-1.3456395150586642,0.0,1.0,0.0,0.0,1.0,0.0,0.0
1.4328918430286581,0.13023578522432885,-1.2984798115146126,0.7161706506648529,-0.8212616354853346,1.4374825429737332,1.0,0.0,0.0,0.0,1.0,0.0,0.0
-1.4980232904390516,-1.0541212320567617,0.08266666988680693,0.11353630981593597,0.49746926961821697,0.045921513957534445,0.0,1.0,0.0,0.0,1.0,0.0,0.0
0.1302628948207871,-1.0301773631384932,-0.692122819679843,-1.0917323718818979,0.9532613275025337,1.4374825429737332,0.0,0.0,1.0,0.0,0.0,1.0,0.0
0.9118402637455096,-0.9024417998502252,-1.0963608142363561,1.077751255174203,1.034863441576263,1.4374825429737332,1.0,0.0,0.0,0.0,0.0,0.0,1.0
-1.1072346059766904,0.6547479772172949,0.2847856671650634,1.5598587278533367,-0.1529614478659439,0.045921513957534445,0.0,1.0,0.0,0.0,1.0,0.0,0.0
0.4559201318727548,1.3125494526414971,0.3184721667114395,0.8366975188346363,-0.9547949851242661,-1.3456395150586642,1.0,0.0,0.0,0.0,0.0,0.0,1.0
-0.19539434223118066,-0.23230163486310781,1.1269481558244656,-1.2122592400516812,0.5949721528878059,1.4374825429737332,0.0,1.0,0.0,0.0,1.0,0.0,0.0
-0.2605257896415742,-0.04792860483381529,-1.6353448069783734,-0.24804429469341419,-1.609195496275931,0.7417020284656338,0.0,1.0,0.0,0.0,1.0,0.0,0.0
0.8467088163351162,-0.5371013228981772,-0.6247498205870908,-0.1275174265236308,-0.5351341680632266,0.045921513957534445,0.0,1.0,0.0,1.0,0.0,0.0,0.0
1.5631547378494453,-0.03490879864959273,0.04898017034043085,-0.48909803103298094,0.14839375936324528,-0.6498590005505649,0.0,0.0,1.0,1.0,0.0,0.0,0.0
1.302628948207871,0.3524893781155647,1.4301266517418503,0.23406317798571935,0.9446055217270598,-1.3456395150586642,0.0,1.0,0.0,1.0,0.0,0.0,0.0
-1.6282861852598387,0.8214905654719762,0.015293670794054763,-1.453312976391248,-0.8575224434636709,0.7417020284656338,0.0,0.0,1.0,0.0,0.0,0.0,1.0
0.9118402637455096,-0.15192987354883253,1.329067153102722,1.3188049915137698,-1.5873778269990404,-0.6498590005505649,0.0,0.0,1.0,0.0,1.0,0.0,0.0
-0.3907886844623613,0.5319898046231964,-1.2647933119682364,1.4393318596835531,0.32709925797846445,1.4374825429737332,1.0,0.0,0.0,1.0,0.0,0.0,0.0
-0.7164459215143291,-1.4632627471175021,-0.5910633210407148,1.5598587278533367,-1.2928392917610145,-1.3456395150586642,1.0,0.0,0.0,0.0,0.0,1.0,0.0
-1.1723660533870839,-1.131480362161408,0.3184721667114395,-0.1275174265236308,-0.401960727188348,-0.6498590005505649,1.0,0.0,0.0,0.0,0.0,0.0,1.0
1.6282861852598387,-1.6477405643193035,1.1606346553708418,0.7161706506648529,-1.0556378217242666,-1.3456395150586642,0.0,0.0,1.0,0.0,0.0,0.0,1.0
0.5210515792831484,-0.9042755753691298,-0.5910633210407148,0.9572243870044197,1.1635308247251979,-1.3456395150586642,0.0,1.0,0.0,0.0,0.0,0.0,1.0
-0.5861830266935419,0.9205668370790783,-1.2311068124218605,0.7161706506648529,1.1480907387473258,0.7417020284656338,0.0,1.0,0.0,0.0,1.0,0.0,0.0
-0.32565723705196775,-0.19266588686164154,1.329067153102722,0.8366975188346363,-1.5831992862483855,-0.6498590005505649,1.0,0.0,0.0,1.0,0.0,0.0,0.0
0.1302628948207871,1.1904985934618333,0.9922021576389612,0.5956437824950696,1.5690904164106423,0.045921513957534445,0.0,1.0,0.0,0.0,0.0,0.0,1.0
-0.19539434223118066,-0.9331444413953134,0.9248291585462091,0.8366975188346363,0.8615205835454328,-1.3456395150586642,1.0,0.0,0.0,0.0,0.0,1.0,0.0
-0.5210515792831484,0.4344067502243453,-0.692122819679843,-0.9712055037121144,0.44474983385973865,1.4374825429737332,0.0,0.0,1.0,0.0,0.0,1.0,0.0
-1.2374975007974773,-0.629733183395986,0.2847856671650634,0.11353630981593597,-0.887387672704786,1.4374825429737332,0.0,0.0,1.0,0.0,0.0,1.0,0.0
-1.6934176326702324,-0.6961158571803321,1.6659321485664829,-0.6096248992027643,-1.033190312110283,-0.6498590005505649,0.0,0.0,1.0,1.0,0.0,0.0,0.0
1.2374975007974773,0.3862046508702819,1.3964401521954743,1.4393318596835531,-0.5157098920672879,1.4374825429737332,0.0,0.0,1.0,0.0,0.0,1.0,0.0
1.6282861852598387,0.5118706675015005,1.2280076544635938,-0.6096248992027643,1.141133702338182,0.7417020284656338,0.0,1.0,0.0,0.0,0.0,1.0,0.0
-0.8467088163351162,1.3194130124408256,-0.5236903219479626,0.7161706506648529,-0.6129932309908047,0.045921513957534445,1.0,0.0,0.0,0.0,0.0,0.0,1.0
-1.3677603956182645,-1.3955702336767957,1.1269481558244656,-1.2122592400516812,-0.47151669492922416,1.4374825429737332,0.0,1.0,0.0,0.0,0.0,0.0,1.0
-0.19539434223118066,0.031159513617226787,1.6659321485664829,1.3188049915137698,0.5362134480685187,1.4374825429737332,1.0,0.0,0.0,0.0,0.0,0.0,1.0
0.7164459215143291,-0.024377687812454963,-1.5342853083392451,1.5598587278533367,-0.40530787869404067,-1.3456395150586642,1.0,0.0,0.0,0.0,0.0,1.0,0.0
-1.302628948207871,0.07176454296439977,1.4638131512882264,-0.1275174265236308,-1.5090724772040365,-0.6498590005505649,0.0,1.0,0.0,0.0,0.0,1.0,0.0
1.6282861852598387,0.7256364994195208,-0.8605553174117234,-1.5738398445610313,1.0215504163939435,0.7417020284656338,0.0,0.0,1.0,0.0,1.0,0.0,0.0
1.4328918430286581,0.09342929088060109,1.1269481558244656,0.8366975188346363,-0.5880119636778882,-0.6498590005505649,0.0,0.0,1.0,0.0,0.0,1.0,0.0
0.2605257896415742,1.3149595576092004,0.48690466444332,0.47511691432528613,-1.2266556691393145,-1.3456395150586642,0.0,1.0,0.0,0.0,0.0,1.0,0.0
0.3907886844623613,-0.8231703038472926,0.4532181648969439,0.5956437824950696,0.3145960275152645,0.045921513957534445,1.0,0.0,0.0,0.0,1.0,0.0,0.0
-1.0421031585662968,-1.288241972234623,-0.15313882693782566,-1.6943667127308149,0.44435753330692085,0.045921513957534445,1.0,0.0,0.0,0.0,0.0,0.0,1.0
-1.3677603956182645,-0.9196530929348011,0.9585156580925852,1.5598587278533367,0.7992959573283154,-0.6498590005505649,0.0,0.0,1.0,0.0,0.0,0.0,1.0
1.6282861852598387,0.7975466965537077,-1.3321663110609887,0.3545900461555027,-1.6412453717148479,-1.3456395150586642,1.0,0.0,0.0,0.0,0.0,1.0,0.0
1.1723660533870839,-0.7815697963612858,1.0595751567317133,1.4393318596835531,1.4854908086964198,-0.6498590005505649,1.0,0.0,0.0,0.0,0.0,0.0,1.0
1.2374975007974773,0.13605147329856912,0.6553371621752004,1.68038559602312,-1.0945115673296275,-1.3456395150586642,0.0,1.0,0.0,0.0,0.0,1.0,0.0
-1.1072346059766904,-1.0499821387426627,-1.500598808792869,-1.3327861082214647,0.42724027248856167,-0.6498590005505649,1.0,0.0,0.0,1.0,0.0,0.0,0.0
-1.6934176326702324,-1.6378381765172187,0.2510991676186874,-1.3327861082214647,-1.5349679127776474,0.7417020284656338,1.0,0.0,0.0,1.0,0.0,0.0,0.0
0.2605257896415742,0.04703477025231506,-0.8605553174117234,1.1982781233439865,-1.684992281985486,0.7417020284656338,1.0,0.0,0.0,0.0,0.0,0.0,1.0
0.19539434223118066,-1.4618481202886329,1.4301266517418503,-0.9712055037121144,-0.7884595507295471,-0.6498590005505649,0.0,0.0,1.0,0.0,1.0,0.0,0.0
0.2605257896415742,-1.4546178053855232,1.329067153102722,-0.24804429469341419,-1.5073197215230982,1.4374825429737332,1.0,0.0,0.0,1.0,0.0,0.0,0.0
-0.4559201318727548,-0.6437746645121697,0.2510991676186874,0.7161706506648529,-0.6531410536209129,0.045921513957534445,0.0,0.0,1.0,1.0,0.0,0.0,0.0
-1.3677603956182645,0.8261012010623648,-1.1637338133291082,0.3545900461555027,0.5387688002932949,0.7417020284656338,0.0,0.0,1.0,0.0,1.0,0.0,0.0
1.3677603956182645,1.0291787413844842,-0.9616148160508518,-0.6096248992027643,-0.29890445168942165,-1.3456395150586642,1.0,0.0,0.0,0.0,0.0,0.0,1.0
-0.3907886844623613,1.6431005883206125,0.6553371621752004,-1.453312976391248,-1.0534927654905109,-1.3456395150586642,1.0,0.0,0.0,1.0,0.0,0.0,0.0
1.5631547378494453,0.5903824565037439,1.1943211549172177,-0.3685711628631976,-1.2136845572828456,0.7417020284656338,0.0,1.0,0.0,0.0,1.0,0.0,0.0
0.9769717111559032,-1.3100377041164604,0.7227101612679525,0.8366975188346363,0.05872608988708919,1.4374825429737332,0.0,1.0,0.0,0.0,1.0,0.0,0.0
0.4559201318727548,0.1662825725673676,0.2847856671650634,-0.48909803103298094,0.9761119349322565,-1.3456395150586642,0.0,1.0,0.0,1.0,0.0,0.0,0.0
0.4559201318727548,1.6394330372828032,0.6890236617215765,-1.5738398445610313,-0.265270977688672,1.4374825429737332,0.0,0.0,1.0,0.0,0.0,1.0,0.0
-0.32565723705196775,1.2132374098962502,0.5542776635360721,-0.6096248992027643,1.2164338139533433,0.045921513957534445,0.0,1.0,0.0,0.0,0.0,0.0,1.0
0.7815773689247226,0.7311378259762346,0.891142658999833,1.077751255174203,1.0263839910951749,-0.6498590005505649,0.0,1.0,0.0,0.0,0.0,0.0,1.0
1.5631547378494453,0.911607533829573,-0.018392828752321323,-0.9712055037121144,-1.1676630236233927,0.7417020284656338,1.0,0.0,0.0,0.0,1.0,0.0,0.0
1.6282861852598387,-0.9018654704014266,-1.1637338133291082,1.077751255174203,1.2706036820309554,0.7417020284656338,1.0,0.0,0.0,0.0,0.0,1.0,0.0
0.0,-0.22685270189264847,-0.3215713246697061,1.3188049915137698,0.9087981987914303,-0.6498590005505649,0.0,0.0,1.0,0.0,1.0,0.0,0.0
-1.5631547378494453,-0.5870324105986364,-0.18682532648420175,-1.6943667127308149,-0.02872814069014096,0.7417020284656338,0.0,0.0,1.0,0.0,1.0,0.0,0.0
-0.1302628948207871,-0.36103267629020974,0.015293670794054763,-0.48909803103298094,1.5668589820735144,0.7417020284656338,1.0,0.0,0.0,0.0,0.0,1.0,0.0
-1.2374975007974773,1.5041004039876447,1.4301266517418503,-0.7301517673725477,-0.7856234696688099,-1.3456395150586642,0.0,0.0,1.0,1.0,0.0,0.0,0.0
-0.7815773689247226,0.592661577505811,1.0932616562780895,-0.6096248992027643,0.6485553696800116,0.7417020284656338,0.0,1.0,0.0,1.0,0.0,0.0,0.0
-1.302628948207871,-0.7243036065852083,-1.5679718078856213,-0.24804429469341419,1.3367837055650151,0.045921513957534445,0.0,0.0,1.0,1.0,0.0,0.0,0.0
0.3907886844623613,1.566239197285383,-1.6353448069783734,0.9572243870044197,1.3258532764007263,0.7417020284656338,1.0,0.0,0.0,0.0,0.0,0.0,1.0
0.6513144741039355,0.06505816392383443,1.4974996508346026,-1.0917323718818979,1.1989494461956502,-1.3456395150586642,1.0,0.0,0.0,1.0,0.0,0.0,0.0
1.2374975007974773,1.1813297158673104,-1.130047313782732,-1.6943667127308149,-0.07130894656524753,1.4374825429737332,1.0,0.0,0.0,0.0,1.0,0.0,0.0
0.19539434223118066,1.406569743175048,-0.5236903219479626,-1.3327861082214647,1.6191897163668154,0.045921513957534445,0.0,0.0,1.0,1.0,0.0,0.0,0.0
0.0,-1.5025317400151874,-0.8268688178653474,-1.453312976391248,-1.630415717004494,0.7417020284656338,0.0,1.0,0.0,0.0,0.0,0.0,1.0
-0.06513144741039355,1.5872490253734042,-1.500598808792869,-1.453312976391248,-0.5791150190304989,-1.3456395150586642,0.0,1.0,0.0,1.0,0.0,0.0,0.0
1.4980232904390516,-1.6953139406383138,1.1269481558244656,1.5598587278533367,-0.16052673008633708,1.4374825429737332,0.0,1.0,0.0,0.0,0.0,0.0,1.0
-0.32565723705196775,-1.4673756436384737,0.891142658999833,1.5598587278533367,-1.1367000726519163,1.4374825429737332,0.0,0.0,1.0,0.0,0.0,1.0,0.0
0.3907886844623613,-1.042725627046426,-0.4900038224015865,0.5956437824950696,-0.5411590407734731,-0.6498590005505649,0.0,0.0,1.0,1.0,0.0,0.0,0.0
-1.0421031585662968,1.0489311234023992,-0.8942418169580996,0.11353630981593597,0.7927420187349108,0.7417020284656338,0.0,1.0,0.0,0.0,1.0,0.0,0.0
0.19539434223118066,-0.6455298496516927,1.3964401521954743,-1.453312976391248,-1.2990981051678956,-0.6498590005505649,1.0,0.0,0.0,0.0,1.0,0.0,0.0
0.5210515792831484,0.24372029305139553,-0.7258093192262192,-0.006990558353847416,0.5096809739825342,-1.3456395150586642,0.0,0.0,1.0,0.0,1.0,0.0,0.0
-0.2605257896415742,0.6651743008819239,0.4532181648969439,-1.453312976391248,1.2314744012031171,1.4374825429737332,0.0,0.0,1.0,0.0,1.0,0.0,0.0
1.2374975007974773,-1.4979473012179259,-1.1974203128754843,-1.3327861082214647,1.0297779307401944,0.7417020284656338,0.0,1.0,0.0,0.0,0.0,0.0,1.0
-0.7815773689247226,-1.438480580819163,1.5985591494737308,-1.0917323718818979,-1.7301716291370546,0.045921513957534445,0.0,1.0,0.0,0.0,1.0,0.0,0.0
0.4559201318727548,-1.31341709042987,-0.11945232739144958,-1.0917323718818979,1.22524078140972,0.045921513957534445,1.0,0.0,0.0,1.0,0.0,0.0,0.0
0.19539434223118066,0.16552286556667853,0.9585156580925852,1.4393318596835531,-1.6692714671716522,-0.6498590005505649,0.0,1.0,0.0,0.0,0.0,1.0,0.0
-0.2605257896415742,-0.29996795151068706,-0.05207932829869741,1.1982781233439865,1.5952377881190902,0.045921513957534445,1.0,0.0,0.0,1.0,0.0,0.0,0.0
-0.5210515792831484,-1.0765718837667793,-0.7258093192262192,0.5956437824950696,1.561161626338556,-1.3456395150586642,0.0,0.0,1.0,0.0,1.0,0.0,0.0
-0.5210515792831484,-0.34625768496646425,-1.1974203128754843,1.077751255174203,-1.4971486998509618,-1.3456395150586642,0.0,0.0,1.0,0.0,0.0,1.0,0.0
-1.1723660533870839,-0.14797415778662407,-0.5573768214943386,1.077751255174203,-0.7007497849298394,0.045921513957534445,0.0,1.0,0.0,0.0,0.0,1.0,0.0
0.5210515792831484,-1.4177589174555412,0.3184721667114395,-0.1275174265236308,0.3165899220681179,0.045921513957534445,1.0,0.0,0.0,0.0,0.0,0.0,1.0
0.9118402637455096,1.0674784529364627,1.2280076544635938,-0.7301517673725477,-1.0971460994824953,1.4374825429737332,0.0,0.0,1.0,0.0,0.0,0.0,1.0
1.4328918430286581,-0.3596442462544677,-0.658436320133467,-0.3685711628631976,-0.8152511591256499,-0.6498590005505649,0.0,0.0,1.0,0.0,1.0,0.0,0.0
-0.3907886844623613,-0.3892728192813404,-0.05207932829869741,0.5956437824950696,0.31717297426588364,-1.3456395150586642,0.0,0.0,1.0,0.0,1.0,0.0,0.0
-1.1723660533870839,0.5259383454108113,-1.3658528106073649,-1.3327861082214647,1.104624557312649,-1.3456395150586642,0.0,1.0,0.0,0.0,1.0,0.0,0.0
-0.2605257896415742,-0.869355250130561,-0.3215713246697061,-0.3685711628631976,-0.14285520977133664,-1.3456395150586642,0.0,0.0,1.0,0.0,0.0,0.0,1.0
-0.06513144741039355,1.6356083054862307,1.4638131512882264,0.8366975188346363,1.510893169263278,0.7417020284656338,0.0,1.0,0.0,0.0,1.0,0.0,0.0
0.1302628948207871,0.3311913853031443,-1.5342853083392451,0.9572243870044197,-1.3744558021853055,0.7417020284656338,0.0,1.0,0.0,0.0,1.0,0.0,0.0
-1.5631547378494453,-1.4216098460452407,0.5542776635360721,1.077751255174203,-0.11391854514147798,-1.3456395150586642,0.0,1.0,0.0,0.0,1.0,0.0,0.0
-1.2374975007974773,-0.610111785343707,-0.38894432376245824,-1.0917323718818979,-0.8610171575626252,-1.3456395150586642,0.0,0.0,1.0,1.0,0.0,0.0,0.0
-0.9769717111559032,-0.9542590566558433,1.3627536526490982,1.4393318596835531,-0.914132492961562,-0.6498590005505649,1.0,0.0,0.0,0.0,0.0,1.0,0.0
0.1302628948207871,-0.5961226978137777,1.6659321485664829,-0.8506786355423311,0.3575223458038616,1.4374825429737332,1.0,0.0,0.0,0.0,1.0,0.0,0.0
-0.9118402637455096,0.559470240613638,-0.018392828752321323,-0.1275174265236308,1.1184054638882373,0.7417020284656338,0.0,1.0,0.0,1.0,0.0,0.0,0.0
-0.06513144741039355,0.8036767461454745,1.1943211549172177,0.7161706506648529,0.022062184093013575,0.045921513957534445,1.0,0.0,0.0,1.0,0.0,0.0,0.0
0.9118402637455096,-0.3774318687878422,1.2953806535563461,-1.2122592400516812,0.3790160971931048,1.4374825429737332,1.0,0.0,0.0,0.0,0.0,0.0,1.0
0.7815773689247226,-0.41981828006766536,-0.28788482512333,-0.9712055037121144,0.6703010572040918,0.045921513957534445,0.0,0.0,1.0,0.0,0.0,0.0,1.0
-0.9118402637455096,-0.15303013886017527,-0.11945232739144958,-0.24804429469341419,-0.3977893846129741,0.045921513957534445,0.0,1.0,0.0,0.0,0.0,0.0,1.0
1.1723660533870839,1.1651139009215685,0.3858451658041917,0.11353630981593597,0.7255902415379084,0.7417020284656338,0.0,1.0,0.0,1.0,0.0,0.0,0.0
-1.4328918430286581,-0.7328961547309326,-0.8268688178653474,1.4393318596835531,-1.555975787335419,1.4374825429737332,0.0,1.0,0.0,0.0,0.0,1.0,0.0
-0.2605257896415742,-1.6137109300470598,-0.0857658278450735,0.5956437824950696,-0.8531423538051462,0.7417020284656338,0.0,1.0,0.0,1.0,0.0,0.0,0.0
0.3907886844623613,1.5772156536056834,-0.4563173228552104,0.3545900461555027,0.3080852779735463,0.7417020284656338,1.0,0.0,0.0,0.0,0.0,1.0,0.0
0.3907886844623613,-1.2743314750840753,-1.1637338133291082,-0.7301517673725477,0.5551230545318615,-1.3456395150586642,0.0,1.0,0.0,0.0,0.0,0.0,1.0
-1.6282861852598387,-0.8055398620726815,0.8574561594534569,-0.24804429469341419,-0.013885503260596718,0.045921513957534445,0.0,1.0,0.0,1.0,0.0,0.0,0.0
-1.1723660533870839,1.0606672867233886,-0.35525782421608215,1.5598587278533367,0.7445430370529376,0.045921513957534445,0.0,1.0,0.0,1.0,0.0,0.0,0.0
-1.6282861852598387,0.905687058582824,-0.38894432376245824,-1.453312976391248,-1.2448310617239893,-1.3456395150586642,0.0,1.0,0.0,1.0,0.0,0.0,0.0
-0.9769717111559032,1.3568482298196065,0.5205911639896961,0.9572243870044197,-0.365322015007756,1.4374825429737332,0.0,1.0,0.0,0.0,1.0,0.0,0.0
1.4328918430286581,0.24935260357374534,1.5311861503809787,1.1982781233439865,1.061669446322928,0.7417020284656338,0.0,1.0,0.0,0.0,1.0,0.0,0.0
1.0421031585662968,1.6581899411618843,-0.4563173228552104,-1.453312976391248,-0.683488560605859,-0.6498590005505649,1.0,0.0,0.0,0.0,1.0,0.0,0.0
1.1072346059766904,-0.5897044834976116,-0.5910633210407148,-1.453312976391248,1.201303249512557,-1.3456395150586642,0.0,0.0,1.0,1.0,0.0,0.0,0.0
-0.2605257896415742,0.4432350695082145,0.8574561594534569,0.11353630981593597,-0.46172717654698353,-1.3456395150586642,0.0,1.0,0.0,1.0,0.0,0.0,0.0
0.5861830266935419,1.6509072326725205,-0.5573768214943386,1.077751255174203,0.01868983897383732,0.7417020284656338,0.0,0.0,1.0,0.0,0.0,0.0,1.0
-1.302628948207871,0.09020708532595446,-0.42263082330883434,1.077751255174203,-0.5482132525489112,0.7417020284656338,1.0,0.0,0.0,0.0,1.0,0.0,0.0
0.1302628948207871,1.3779890418732637,0.3521586662578156,0.3545900461555027,0.30694796627913895,-1.3456395150586642,1.0,0.0,0.0,0.0,0.0,1.0,0.0
-1.4328918430286581,0.36359681840150104,-0.5236903219479626,0.11353630981593597,0.25303723251164517,-1.3456395150586642,0.0,1.0,0.0,0.0,0.0,0.0,1.0
-1.4980232904390516,-1.5617364924826784,0.015293670794054763,-1.2122592400516812,-0.00259876441989582,0.045921513957534445,1.0,0.0,0.0,0.0,0.0,1.0,0.0
-1.4980232904390516,1.4974464185333338,-0.7594958187725952,-0.1275174265236308,-0.4042389496648033,-0.6498590005505649,1.0,0.0,0.0,1.0,0.0,0.0,0.0
1.4980232904390516,-1.2225142182784572,0.3184721667114395,1.68038559602312,-0.7418477666970476,1.4374825429737332,0.0,1.0,0.0,0.0,0.0,1.0,0.0
0.6513144741039355,0.17000251719143117,-0.4900038224015865,0.9572243870044197,0.3307271383201183,0.7417020284656338,1.0,0.0,0.0,0.0,0.0,0.0,1.0
1.4328918430286581,-1.0475458369818325,0.9248291585462091,1.4393318596835531,-0.3991246461276106,1.4374825429737332,0.0,0.0,1.0,0.0,0.0,1.0,0.0
-1.4980232904390516,-0.986140553891656,-0.42263082330883434,-0.7301517673725477,0.08904480417091097,1.4374825429737332,1.0,0.0,0.0,0.0,0.0,1.0,0.0
-0.2605257896415742,-0.39980393011847815,-1.5679718078856213,-0.6096248992027643,-0.844115842002698,0.045921513957534445,0.0,0.0,1.0,0.0,0.0,0.0,1.0
1.4328918430286581,-1.7033039625421125,-0.11945232739144958,-0.3685711628631976,1.5734956996826506,0.7417020284656338,0.0,1.0,0.0,0.0,0.0,1.0,0.0
-1.6934176326702324,0.9056608617896967,0.4532181648969439,1.077751255174203,-0.21256953736839612,-0.6498590005505649,0.0,1.0,0.0,1.0,0.0,0.0,0.0
0.5861830266935419,-0.037659461927949604,-1.0963608142363561,-1.453312976391248,-0.7034023125209097,-1.3456395150586642,0.0,0.0,1.0,0.0,1.0,0.0,0.0
-0.5210515792831484,0.33082463019936337,1.1943211549172177,-0.8506786355423311,1.1841931868694786,1.4374825429737332,1.0,0.0,0.0,1.0,0.0,0.0,0.0
-0.5210515792831484,0.272824930215724,0.48690466444332,1.4393318596835531,0.317658851097355,1.4374825429737332,1.0,0.0,0.0,0.0,1.0,0.0,0.0
-0.9769717111559032,0.2792955381181445,-0.9616148160508518,0.8366975188346363,0.9846957589549198,0.7417020284656338,0.0,1.0,0.0,0.0,1.0,0.0,0.0
1.2374975007974773,-0.9344542810516738,-1.2647933119682364,-1.0917323718818979,1.514326698872343,-0.6498590005505649,0.0,0.0,1.0,0.0,1.0,0.0,0.0
0.5861830266935419,0.19504665142104238,0.8574561594534569,-1.6943667127308149,-0.22221149315737507,0.045921513957534445,1.0,0.0,0.0,1.0,0.0,0.0,0.0
1.5631547378494453,-0.7535916213014272,1.0595751567317133,0.47511691432528613,-0.3372311359734219,0.045921513957534445,0.0,1.0,0.0,1.0,0.0,0.0,0.0
1.302628948207871,-0.35073733659121686,-1.433225809700117,-0.24804429469341419,-1.045366025598195,-1.3456395150586642,0.0,0.0,1.0,1.0,0.0,0.0,0.0
-0.6513144741039355,-1.6497577173900984,1.5985591494737308,-0.8506786355423311,-0.6643918015852087,0.045921513957534445,0.0,1.0,0.0,1.0,0.0,0.0,0.0
-1.4328918430286581,1.212084750998653,-0.0857658278450735,-0.1275174265236308,1.4366080003627453,-0.6498590005505649,1.0,0.0,0.0,0.0,1.0,0.0,0.0
0.1302628948207871,-1.5590906163768303,-0.22051182603057784,-1.453312976391248,0.07184116524917913,1.4374825429737332,1.0,0.0,0.0,1.0,0.0,0.0,0.0
0.9118402637455096,-0.326741074086694,-0.4900038224015865,1.077751255174203,1.5428278738976977,0.045921513957534445,1.0,0.0,0.0,1.0,0.0,0.0,0.0
1.4980232904390516,-1.4370659539902937,-0.7931823183189713,0.23406317798571935,-1.7228906748402633,0.045921513957534445,0.0,1.0,0.0,1.0,0.0,0.0,0.0
0.5861830266935419,-0.8531656319779463,-0.42263082330883434,-1.6943667127308149,-1.7114419770557383,1.4374825429737332,0.0,1.0,0.0,1.0,0.0,0.0,0.0
-1.6934176326702324,-1.1848432297615314,-0.4900038224015865,-1.5738398445610313,-1.4278662627707657,-1.3456395150586642,1.0,0.0,0.0,0.0,0.0,1.0,0.0
1.2374975007974773,-0.44137824081135785,-1.5342853083392451,-1.0917323718818979,-0.5381502035059903,0.045921513957534445,1.0,0.0,0.0,1.0,0.0,0.0,0.0
-0.9118402637455096,1.1760379636556144,1.5648726499273546,-1.5738398445610313,1.5348486965986434,0.045921513957534445,0.0,0.0,1.0,0.0,0.0,0.0,1.0
-0.7164459215143291,0.14045253454394013,-0.3215713246697061,0.23406317798571935,0.9857394943706733,0.7417020284656338,0.0,1.0,0.0,0.0,0.0,1.0,0.0
-1.6282861852598387,1.3314635372793415,-1.2311068124218605,1.077751255174203,-1.008993645903002,-0.6498590005505649,1.0,0.0,0.0,0.0,1.0,0.0,0.0
-1.5631547378494453,0.08192889869775662,1.26169415400997,-0.1275174265236308,-0.34571418554215055,0.045921513957534445,1.0,0.0,0.0,0.0,0.0,1.0,0.0
0.1302628948207871,-1.0891987380540937,0.11635316943318302,-0.9712055037121144,0.14621991042836538,1.4374825429737332,1.0,0.0,0.0,1.0,0.0,0.0,0.0
-0.3907886844623613,1.490556661940878,0.11635316943318302,0.47511691432528613,0.8663973472983505,-1.3456395150586642,0.0,1.0,0.0,0.0,0.0,1.0,0.0
-0.2605257896415742,0.6090083764171891,0.4195316653505678,-0.6096248992027643,1.077768165339017,0.7417020284656338,0.0,1.0,0.0,1.0,0.0,0.0,0.0
-0.8467088163351162,-0.8759830387917448,-0.7258093192262192,-0.1275174265236308,1.018026909593865,0.7417020284656338,0.0,1.0,0.0,0.0,0.0,1.0,0.0
-0.2605257896415742,-0.24333048476966254,1.0932616562780895,-0.3685711628631976,-1.188458552010373,-0.6498590005505649,1.0,0.0,0.0,0.0,0.0,0.0,1.0
0.4559201318727548,-0.4346980585639197,0.8574561594534569,-0.7301517673725477,-0.3547982827468474,-1.3456395150586642,1.0,0.0,0.0,0.0,1.0,0.0,0.0
1.4328918430286581,0.6214256563594859,1.4638131512882264,1.3188049915137698,-0.786555633367707,-1.3456395150586642,1.0,0.0,0.0,0.0,1.0,0.0,0.0
-0.19539434223118066,-0.18857918713379704,-1.3995393101537408,-0.7301517673725477,1.4847026085031436,1.4374825429737332,0.0,0.0,1.0,0.0,1.0,0.0,0.0
-1.6934176326702324,0.15493936114328635,-1.0289878151436038,-0.7301517673725477,-0.6594358579041993,0.7417020284656338,1.0,0.0,0.0,0.0,1.0,0.0,0.0
-0.7815773689247226,0.6698635268516941,-1.2311068124218605,0.47511691432528613,-0.44073009925213347,0.7417020284656338,1.0,0.0,0.0,0.0,1.0,0.0,0.0
0.6513144741039355,1.1417725582452258,0.2847856671650634,0.9572243870044197,0.19972754638011955,0.7417020284656338,0.0,1.0,0.0,0.0,0.0,0.0,1.0
-0.1302628948207871,1.6843343407028384,0.18372616852593518,-0.6096248992027643,-1.1599825705985025,1.4374825429737332,1.0,0.0,0.0,0.0,0.0,1.0,0.0
-0.9118402637455096,-0.9316512241870626,-0.5573768214943386,1.077751255174203,-1.287692596435057,0.7417020284656338,0.0,0.0,1.0,1.0,0.0,0.0,0.0
-0.1302628948207871,0.2619008674816781,0.7900831603607047,0.7161706506648529,0.9423452946888072,0.7417020284656338,0.0,1.0,0.0,1.0,0.0,0.0,0.0
0.9769717111559032,-0.5079966857338487,-0.05207932829869741,-0.9712055037121144,1.2295380920525125,0.045921513957534445,1.0,0.0,0.0,0.0,0.0,1.0,0.0
1.3677603956182645,0.5851692946714294,0.9585156580925852,-1.453312976391248,-1.7209651629525797,-1.3456395150586642,1.0,0.0,0.0,0.0,0.0,0.0,1.0
-0.5861830266935419,-0.9953618250724333,-1.2311068124218605,-1.3327861082214647,0.7297759804638445,-1.3456395150586642,1.0,0.0,0.0,1.0,0.0,0.0,0.0
0.7164459215143291,0.794560262137206,0.15003966897955912,1.077751255174203,0.5867194449280714,1.4374825429737332,1.0,0.0,0.0,0.0,0.0,0.0,1.0
0.4559201318727548,0.5379888702493272,1.2953806535563461,-0.8506786355423311,-1.3009480362151278,0.045921513957534445,1.0,0.0,0.0,0.0,0.0,0.0,1.0
1.1072346059766904,-0.18538317837227763,-0.9616148160508518,1.5598587278533367,-1.0496705344162682,0.7417020284656338,1.0,0.0,0.0,0.0,0.0,1.0,0.0
1.0421031585662968,0.38609986369777305,-1.2311068124218605,1.1982781233439865,-1.3495393184499187,-0.6498590005505649,0.0,0.0,1.0,1.0,0.0,0.0,0.0
1.1072346059766904,-0.21548329367544003,0.11635316943318302,-0.6096248992027643,-0.9037671205568365,-0.6498590005505649,0.0,1.0,0.0,0.0,0.0,0.0,1.0
-0.6513144741039355,-0.6701286383981414,-1.1974203128754843,-0.6096248992027643,-0.04564745168827098,-1.3456395150586642,1.0,0.0,0.0,0.0,1.0,0.0,0.0
1.6282861852598387,-1.0812087161502952,-0.692122819679843,-0.48909803103298094,-1.5883855715383886,-0.6498590005505649,1.0,0.0,0.0,0.0,0.0,1.0,0.0
-1.6934176326702324,-1.180232594171143,-0.7258093192262192,0.11353630981593597,-0.9792723801675082,0.7417020284656338,0.0,1.0,0.0,0.0,1.0,0.0,0.0
-0.9769717111559032,-1.6109340699755756,0.11635316943318302,-0.6096248992027643,-0.4227238637865635,-1.3456395150586642,0.0,0.0,1.0,1.0,0.0,0.0,0.0
0.6513144741039355,0.41048907809920404,-1.433225809700117,0.7161706506648529,0.9126600198297188,-0.6498590005505649,0.0,1.0,0.0,0.0,0.0,0.0,1.0
1.6282861852598387,-0.10791926109512247,-1.2647933119682364,0.11353630981593597,-0.7057561158378161,0.7417020284656338,0.0,0.0,1.0,0.0,0.0,1.0,0.0
-1.302628948207871,-0.23086081124111135,0.04898017034043085,-0.7301517673725477,1.3414841140235467,-1.3456395150586642,0.0,1.0,0.0,0.0,1.0,0.0,0.0
-0.1302628948207871,-0.9747449488813203,0.7563966608143287,-0.24804429469341419,-1.2099882942760218,0.045921513957534445,0.0,1.0,0.0,0.0,0.0,0.0,1.0
0.9118402637455096,-1.654473140152996,1.632245649020107,-1.5738398445610313,0.8247954932614682,0.7417020284656338,1.0,0.0,0.0,0.0,1.0,0.0,0.0
-1.4980232904390516,1.2275146621505788,-1.3658528106073649,0.9572243870044197,0.08384412253034568,0.7417020284656338,0.0,1.0,0.0,1.0,0.0,0.0,0.0
-1.0421031585662968,-0.10857418092330268,-0.7258093192262192,0.8366975188346363,-1.0299583314090874,-0.6498590005505649,0.0,0.0,1.0,0.0,0.0,0.0,1.0
